time;force_x;force_y;force_z;torque_x;torque_y;torque_z
0.0;18.0;-9.1;123.8;4.85;2.13;-0.89
0.020076990127563477;18.0;-9.2;124.7;4.86;2.13;-0.9
0.03987717628479004;17.7;-9.3;124.9;4.89;2.2;-0.91
0.05987048149108887;17.7;-9.3;125.1;4.95;2.17;-0.91
0.07998132705688477;17.7;-9.5;125.1;5.02;2.15;-0.92
0.09996867179870605;17.7;-9.5;125.3;5.04;2.15;-0.92
0.11982464790344238;17.9;-9.5;125.5;5.02;2.15;-0.91
0.14003992080688477;17.7;-9.4;125.8;4.96;2.16;-0.9
0.15985608100891113;17.9;-9.2;125.8;4.91;2.16;-0.9
0.17990612983703613;17.8;-9.3;125.4;4.91;2.17;-0.91
0.19990134239196777;17.9;-9.3;125.3;4.93;2.16;-0.92
0.21995878219604492;17.9;-9.4;124.4;4.93;2.2;-0.92
0.23982620239257812;17.8;-9.4;124.2;4.93;2.2;-0.92
0.2598302364349365;17.6;-9.3;123.4;4.91;2.18;-0.91
0.27988576889038086;17.8;-9.2;124.1;4.86;2.18;-0.89
0.2998337745666504;17.8;-9.1;124.5;4.82;2.18;-0.89
0.3201146125793457;17.7;-9.2;124.7;4.83;2.18;-0.9
0.3399391174316406;18.0;-9.4;124.9;4.86;2.19;-0.92
0.3599874973297119;17.9;-9.4;125.5;4.92;2.18;-0.92
0.37984228134155273;17.9;-9.5;125.5;4.98;2.15;-0.92
0.40003418922424316;17.9;-9.6;125.7;5.03;2.13;-0.91
0.4199044704437256;17.9;-9.6;126.3;5.03;2.13;-0.9
0.43992114067077637;17.8;-9.3;126.7;4.99;2.13;-0.89
0.4599494934082031;17.9;-9.3;126.7;4.97;2.14;-0.9
0.4799060821533203;18.0;-9.4;126.5;4.97;2.14;-0.91
0.4998791217803955;17.9;-9.3;126.0;4.97;2.14;-0.92
0.5199663639068604;18.0;-9.5;125.5;4.98;2.13;-0.92
0.5398225784301758;17.9;-9.5;124.6;4.98;2.15;-0.92
0.5598835945129395;17.8;-9.4;124.2;4.95;2.17;-0.91
0.5798661708831787;17.9;-9.2;124.3;4.89;2.23;-0.89
0.5998721122741699;17.8;-9.1;124.3;4.86;2.22;-0.88
0.6199777126312256;17.8;-9.1;124.3;4.84;2.22;-0.89
0.6398153305053711;17.8;-9.2;124.3;4.86;2.21;-0.91
0.6600170135498047;17.8;-9.2;124.2;4.89;2.19;-0.92
0.679844856262207;17.8;-9.4;124.1;4.95;2.17;-0.93
0.6998403072357178;17.7;-9.4;124.4;4.98;2.16;-0.93
0.719881534576416;17.8;-9.4;124.8;4.98;2.14;-0.92
0.7398684024810791;17.8;-9.4;125.3;4.98;2.13;-0.91
0.7598559856414795;17.7;-9.3;125.3;4.96;2.12;-0.9
0.7799644470214844;17.8;-9.3;125.6;4.97;2.11;-0.91
0.7998721599578857;17.8;-9.3;125.7;4.99;2.1;-0.92
0.819941520690918;17.8;-9.4;125.5;5.01;2.08;-0.93
0.8399689197540283;17.8;-9.5;125.2;5.04;2.06;-0.94
0.8600063323974609;17.8;-9.6;125.0;5.02;2.03;-0.93
0.8800253868103027;18.0;-9.5;124.8;4.99;2.03;-0.91
0.899928092956543;17.9;-9.1;124.5;4.92;2.03;-0.87
0.920088529586792;17.8;-9.3;125.0;4.92;2.04;-0.92
0.9399247169494629;17.7;-9.3;124.1;4.9;2.04;-0.93
0.9599106311798096;17.6;-9.2;124.5;4.92;2.04;-0.94
0.9800200462341309;17.8;-9.4;124.5;4.95;2.09;-0.96
1.0000884532928467;17.9;-9.4;125.0;4.96;2.11;-0.93
1.0199668407440186;17.7;-9.4;125.1;4.94;2.11;-0.9
1.0400972366333008;17.8;-9.3;125.4;4.92;2.1;-0.89
1.0599215030670166;17.7;-9.3;125.8;4.91;2.12;-0.89
1.0799553394317627;17.8;-9.2;125.6;4.89;2.15;-0.9
1.0999209880828857;17.9;-9.4;126.2;4.9;2.2;-0.93
1.1199307441711426;17.7;-9.3;125.7;4.92;2.21;-0.94
1.1399343013763428;17.8;-9.4;125.3;4.92;2.19;-0.93
1.1599533557891846;17.7;-9.4;125.2;4.91;2.18;-0.91
1.1799297332763672;17.9;-9.2;125.0;4.88;2.18;-0.88
1.2004692554473877;18.1;-9.2;124.9;4.85;2.2;-0.86
1.219961166381836;18.4;-9.1;124.6;4.83;2.21;-0.86
1.2400944232940674;18.4;-9.2;124.9;4.83;2.2;-0.87
1.259843111038208;18.4;-9.3;125.0;4.86;2.18;-0.88
1.2799184322357178;18.4;-9.3;125.0;4.89;2.16;-0.88
1.2998487949371338;18.3;-9.5;125.4;4.92;2.15;-0.87
1.3200979232788086;18.4;-9.5;125.5;4.93;2.16;-0.87
1.339949369430542;18.4;-9.2;126.0;4.93;2.16;-0.86
1.3600831031799316;18.4;-9.4;126.6;4.92;2.16;-0.86
1.3799190521240234;18.3;-9.4;126.4;4.92;2.16;-0.85
1.3998708724975586;18.3;-9.3;126.6;4.92;2.16;-0.86
1.4199025630950928;18.0;-9.4;126.3;4.95;2.13;-0.89
1.4399335384368896;17.8;-9.5;125.9;4.96;2.14;-0.92
1.4599368572235107;17.7;-9.3;125.8;4.92;2.24;-0.91
1.4800314903259277;17.7;-9.4;125.3;4.9;2.28;-0.93
1.5000813007354736;17.8;-9.4;125.4;4.87;2.27;-0.91
1.5198874473571777;17.7;-9.1;124.4;4.84;2.25;-0.87
1.5401442050933838;17.7;-9.2;124.8;4.84;2.23;-0.87
1.5599100589752197;17.9;-9.1;124.2;4.82;2.22;-0.88
1.5798680782318115;17.8;-9.3;124.1;4.86;2.2;-0.89
1.5998992919921875;17.9;-9.3;124.0;4.9;2.17;-0.92
1.6200323104858398;17.9;-9.4;124.2;4.93;2.13;-0.92
1.6398463249206543;18.0;-9.4;125.1;4.95;2.05;-0.9
1.6599006652832031;18.1;-9.5;125.3;4.98;1.97;-0.9
1.6800224781036377;18.1;-9.4;125.8;4.99;1.96;-0.89
1.7001163959503174;18.2;-9.3;126.6;5.0;1.97;-0.89
1.7199420928955078;18.3;-9.4;126.6;5.02;1.96;-0.9
1.7400736808776855;18.1;-9.5;126.4;5.05;1.96;-0.91
1.7598729133605957;18.2;-9.6;126.3;5.05;1.96;-0.92
1.779919147491455;18.1;-9.5;125.9;5.04;1.98;-0.92
1.7999496459960938;18.0;-9.5;125.9;5.0;2.01;-0.91
1.8200838565826416;17.8;-9.2;124.8;4.95;2.13;-0.92
1.8400459289550781;17.8;-9.2;125.2;4.9;2.18;-0.88
1.859915018081665;17.6;-9.0;124.8;4.88;2.2;-0.87
1.8799769878387451;17.4;-9.2;124.3;4.89;2.22;-0.9
1.89992094039917;17.3;-9.3;124.7;4.91;2.24;-0.92
1.9198927879333496;17.3;-8.8;124.8;4.93;2.26;-0.95
1.9399890899658203;17.5;-14.0;157.4;7.85;2.3;-1.35
1.959883689880371;17.0;-19.3;199.7;10.86;2.13;-1.63
1.9798715114593506;16.5;-21.6;233.3;12.78;2.01;-1.73
1.9998836517333984;20.0;-20.2;255.4;13.05;1.73;-1.68
2.020080089569092;18.0;-20.7;266.9;13.09;1.22;-1.53
2.0399115085601807;18.6;-22.4;265.8;13.3;1.24;-1.49
2.059886932373047;17.6;-23.2;270.3;13.68;1.22;-1.56
2.0799829959869385;18.4;-25.1;266.5;14.26;1.33;-1.82
2.1002509593963623;18.1;-29.7;267.9;15.0;1.23;-1.94
2.1199169158935547;17.6;-30.8;277.4;15.65;1.21;-2.02
2.1398837566375732;17.7;-33.0;297.5;16.13;0.97;-1.98
2.159900188446045;16.9;-32.1;295.5;16.03;0.96;-1.84
2.1798741817474365;14.3;-10.7;107.5;8.65;1.83;-1.24
2.200199842453003;16.8;-11.7;-82.1;-0.26;0.14;-0.82
2.219860076904297;12.6;-12.9;-83.0;-0.37;0.04;-0.66
2.2400357723236084;10.0;-21.0;-80.1;-0.3;-0.0;-0.73
2.259897232055664;10.8;-21.9;-82.7;-0.34;0.04;-0.78
2.27988600730896;10.6;-16.2;-84.3;-0.43;0.07;-0.76
2.3000268936157227;10.7;-14.2;-82.0;-0.43;0.01;-0.81
2.319882869720459;11.7;-14.3;-80.4;-0.44;-0.0;-0.82
2.3400368690490723;14.5;-9.5;-82.8;-0.46;0.04;-0.76
2.360034227371216;13.8;-10.7;-80.5;-0.45;-0.0;-0.77
2.380082607269287;14.6;-13.5;-80.7;-0.43;0.01;-0.84
2.4000296592712402;13.7;-14.6;-81.7;-0.42;0.05;-0.81
2.419888734817505;13.8;-17.1;-81.9;-0.41;0.02;-0.91
2.43985915184021;12.8;-17.2;-80.2;-0.37;-0.02;-0.85
2.459883451461792;12.0;-17.4;-81.0;-0.35;-0.02;-0.83
2.480032444000244;11.4;-15.1;-80.4;-0.33;-0.0;-0.72
2.499966621398926;13.6;-16.4;-79.5;-0.32;-0.09;-0.8
2.5198888778686523;13.1;-14.9;-81.1;-0.34;-0.0;-0.73
2.5398964881896973;13.1;-14.6;-81.6;-0.35;0.03;-0.71
2.559877634048462;14.4;-15.5;-80.0;-0.35;-0.03;-0.81
2.57987380027771;14.6;-15.4;-79.9;-0.33;-0.02;-0.86
2.599919557571411;15.9;-14.0;-79.9;-0.38;-0.08;-0.85
2.6199545860290527;13.7;-13.2;-78.8;-0.38;-0.06;-0.85
2.639880657196045;13.4;-12.8;-79.2;-0.37;-0.04;-0.84
2.660111904144287;12.6;-13.3;-79.0;-0.37;-0.03;-0.8
2.679860830307007;15.5;-15.2;-80.0;-0.3;-0.01;-0.89
2.699878215789795;20.2;-17.9;-83.7;-0.17;0.21;-0.95
2.720041275024414;18.1;-22.3;-86.8;-0.02;0.52;-1.06
2.7398815155029297;15.0;-22.5;-87.3;-0.09;0.56;-0.87
2.7598400115966797;15.9;-20.5;-87.1;-0.13;0.49;-0.75
2.7799296379089355;17.2;-18.7;-87.5;-0.21;0.44;-0.74
2.799995183944702;15.4;-18.0;-87.3;-0.28;0.4;-0.81
2.8198652267456055;15.7;-17.5;-87.2;-0.35;0.32;-0.79
2.839977741241455;15.0;-16.8;-86.5;-0.32;0.31;-0.77
2.859921455383301;16.9;-19.1;-87.8;-0.34;0.33;-0.84
2.8800106048583984;17.0;-17.1;-88.3;-0.32;0.36;-0.66
2.9000163078308105;17.5;-16.5;-88.8;-0.42;0.34;-0.81
2.919952869415283;18.1;-12.3;-85.5;-0.36;0.17;-0.75
2.939920663833618;13.9;-21.6;-84.4;-0.38;0.25;-0.92
2.959874153137207;18.3;-19.3;-87.0;-0.38;0.21;-0.91
2.9798524379730225;4.0;17.4;9.6;5.05;-7.98;2.23
2.9999442100524902;-30.5;-61.7;198.4;14.25;-21.53;-2.62
3.0200209617614746;-38.0;-49.2;364.5;24.18;-28.94;-1.28
3.039902687072754;-42.5;-71.4;471.7;31.16;-28.85;-2.51
3.05991792678833;-36.8;-68.4;470.1;31.9;-26.14;-1.04
3.0800845623016357;-31.9;-64.6;451.7;31.42;-24.14;0.45
3.100074291229248;-25.0;-61.4;393.8;28.62;-20.32;0.82
3.1198818683624268;-24.3;-61.8;340.6;25.59;-18.78;0.94
3.139897108078003;-29.8;-54.7;343.6;25.68;-19.23;0.94
3.159883737564087;-31.8;-64.5;338.5;25.0;-19.18;0.78
3.1798899173736572;-34.8;-71.1;389.2;26.01;-21.93;0.55
3.2000603675842285;-36.5;-69.3;600.8;31.0;-23.49;1.46
3.21990966796875;-22.0;-75.0;780.6;31.07;-16.37;1.0
3.2399325370788574;14.3;-58.0;694.6;28.14;-5.36;3.18
3.2600038051605225;22.8;-42.0;636.0;24.16;-0.68;4.72
3.2799017429351807;25.3;-23.4;678.0;20.99;2.57;5.69
3.300018310546875;26.0;-7.8;648.9;16.27;5.63;5.78
3.320051670074463;12.3;-0.7;610.3;13.55;4.23;6.74
3.3400466442108154;-17.5;1.6;657.7;14.35;-1.58;6.87
3.360055923461914;-34.3;-4.7;683.3;16.47;-5.72;4.57
3.3798861503601074;-37.0;-23.9;679.3;19.96;-5.63;0.79
3.400027275085449;-35.9;-45.7;677.9;23.69;-3.78;-2.72
3.419872999191284;-30.6;-66.2;701.9;26.55;-0.87;-6.28
3.439925193786621;-20.5;-85.1;691.0;26.6;5.02;-9.68
3.459990978240967;-7.3;-86.7;662.7;22.77;12.05;-9.95
3.4802300930023193;7.0;-77.0;655.2;16.98;17.47;-8.02
3.499894142150879;15.5;-59.3;664.9;10.23;20.95;-4.23
3.5200276374816895;15.5;-41.3;663.6;4.22;21.63;0.15
3.539888381958008;11.1;-23.6;639.8;-0.98;20.67;3.95
3.5598745346069336;0.2;-8.1;638.4;-4.95;17.83;6.11
3.580075263977051;-5.0;-3.0;642.8;-5.75;14.16;7.16
3.6000165939331055;-10.7;-4.1;628.8;-5.18;10.29;6.99
3.61983060836792;-6.7;-14.9;640.1;-4.24;8.36;4.67
3.6398894786834717;-0.6;-31.0;639.9;-2.74;7.89;0.95
3.6598684787750244;12.4;-48.1;643.0;-1.13;7.28;-2.93
3.680032730102539;21.3;-60.9;656.3;-0.03;5.63;-5.73
3.6999216079711914;25.6;-66.6;661.0;0.43;2.89;-8.11
3.7199244499206543;22.5;-66.3;651.2;0.76;-2.16;-8.92
3.7398838996887207;15.9;-65.9;672.2;1.0;-9.22;-8.14
3.7598936557769775;4.1;-61.1;676.7;0.01;-15.84;-5.79
3.7799830436706543;5.1;-56.3;677.0;-2.07;-19.77;-3.37
3.7999448776245117;11.1;-44.7;669.4;-5.42;-21.48;-0.73
3.8200573921203613;19.6;-39.1;683.5;-7.97;-22.51;1.05
3.8400235176086426;31.2;-36.8;684.7;-9.72;-21.54;2.28
3.859910249710083;37.9;-21.6;658.8;-7.77;-19.44;3.21
3.8799328804016113;44.3;-13.7;652.4;2.69;-18.59;2.13
3.900045394897461;30.4;22.1;261.6;7.08;-9.8;3.13
3.9200057983398438;29.5;-16.7;-28.1;2.28;-4.24;-2.43
3.9400253295898438;35.3;13.9;414.2;10.89;-5.04;-1.46
3.9601080417633057;61.0;-2.1;330.8;11.82;-0.48;3.02
3.9800221920013428;34.2;-12.7;284.9;13.09;-7.88;4.54
3.9999053478240967;63.1;-0.1;428.1;11.83;-3.91;7.21
4.020080804824829;76.5;-8.5;347.2;8.71;2.32;7.23
4.039912462234497;48.3;-10.5;341.1;6.92;0.46;8.79
4.059873104095459;42.0;-6.4;236.3;2.76;0.29;8.08
4.079888343811035;47.5;-8.9;218.7;0.09;3.87;6.47
4.099905252456665;61.9;-16.9;231.5;-1.94;8.87;4.61
4.119884729385376;58.4;-18.9;186.3;-3.56;9.62;3.45
4.14003849029541;50.7;-17.7;178.3;-5.25;10.04;3.31
4.159866094589233;51.4;-21.5;129.8;-6.58;10.88;1.92
4.180032014846802;29.9;-11.2;-39.8;-2.43;2.6;0.19
4.199929237365723;11.8;-14.5;-83.5;-0.44;0.12;-0.69
4.220009088516235;10.8;-17.3;-80.1;-0.38;-0.05;-0.68
4.240064382553101;7.2;-18.4;-80.3;-0.33;-0.05;-0.59
4.2600417137146;6.2;-14.8;-82.8;-0.39;-0.06;-0.62
4.279901742935181;7.7;-15.6;-80.0;-0.41;-0.17;-0.7
4.300030708312988;7.4;-15.0;-80.9;-0.4;-0.07;-0.72
4.319983005523682;10.8;-13.9;-81.7;-0.43;-0.14;-0.71
4.33992075920105;13.0;-14.3;-81.6;-0.41;-0.11;-0.75
4.360211133956909;18.4;-14.7;-83.2;-0.41;-0.06;-0.77
4.379917621612549;16.4;-16.8;-82.7;-0.39;-0.03;-0.81
4.400036096572876;17.8;-16.2;-81.2;-0.38;-0.08;-0.84
4.419863700866699;15.4;-15.1;-82.3;-0.39;-0.03;-0.82
4.4400315284729;15.0;-14.4;-80.4;-0.36;-0.12;-0.79
4.459893226623535;9.8;-14.8;-80.4;-0.37;-0.06;-0.72
4.479855060577393;8.4;-14.5;-80.2;-0.36;-0.12;-0.64
4.5000622272491455;8.6;-14.3;-79.8;-0.35;-0.14;-0.67
4.5199034214019775;7.4;-15.0;-80.6;-0.33;-0.03;-0.66
4.5401880741119385;11.8;-16.3;-80.0;-0.33;-0.12;-0.71
4.559913635253906;15.8;-17.2;-79.8;-0.3;-0.15;-0.7
4.580006122589111;14.9;-17.5;-80.6;-0.27;-0.08;-0.76
4.5999085903167725;18.1;-18.6;-78.5;-0.25;-0.16;-0.86
4.619905233383179;15.4;-17.9;-82.0;-0.19;0.17;-0.76
4.639868974685669;16.8;-18.7;-83.1;-0.16;0.23;-0.88
4.659960985183716;16.8;-19.0;-86.3;-0.15;0.43;-0.93
4.6799376010894775;18.0;-18.6;-85.7;-0.23;0.28;-0.93
4.699905633926392;15.4;-18.1;-84.8;-0.28;0.2;-0.86
4.719951868057251;16.9;-17.5;-83.6;-0.32;0.1;-0.81
4.7400007247924805;16.9;-18.1;-83.8;-0.33;0.12;-0.83
4.760099411010742;17.7;-17.4;-86.9;-0.35;0.23;-0.77
4.779996156692505;20.8;-17.1;-88.0;-0.39;0.19;-0.8
4.799874305725098;22.2;-18.4;-86.8;-0.35;0.13;-0.76
4.819900989532471;20.1;-19.2;-87.7;-0.29;0.27;-0.73
4.8398590087890625;19.5;-20.0;-88.0;-0.33;0.26;-0.74
4.859976053237915;18.5;-18.2;-87.0;-0.4;0.19;-0.79
4.879993677139282;17.7;-15.5;-87.9;-0.45;0.21;-0.73
4.899899244308472;13.9;-14.5;-89.3;-0.48;0.3;-0.7
4.919932126998901;9.8;-17.7;-85.9;-0.43;0.19;-0.78
4.939887285232544;12.0;-17.9;-88.5;-0.49;0.22;-0.76
4.959876775741577;15.2;-17.3;-86.6;-0.42;0.06;-0.62
4.979900598526001;-8.5;0.5;77.4;9.87;-5.24;0.39
4.999889135360718;-45.4;-48.6;349.3;23.45;-17.95;-1.2
5.01996636390686;-42.1;-70.5;528.6;33.76;-23.52;-3.52
5.0398924350738525;-46.3;-77.6;645.8;40.14;-27.21;-6.02
5.059920072555542;-44.8;-74.5;655.1;40.42;-29.88;-5.04
5.0800371170043945;-41.3;-75.0;631.5;39.29;-31.14;-3.81
5.09988260269165;-36.1;-78.7;613.7;38.52;-30.67;-3.01
5.1200220584869385;-37.6;-73.8;593.3;36.71;-31.82;-1.44
5.140038728713989;-39.2;-71.8;555.9;33.84;-32.37;-0.58
5.160055875778198;-36.0;-72.7;500.6;27.22;-33.53;-0.41
5.180038690567017;-35.6;-74.5;570.5;19.84;-41.42;0.53
5.199928283691406;-25.9;-74.5;669.3;11.86;-45.19;0.47
5.2202394008636475;-13.0;-59.5;729.4;8.99;-39.12;1.26
5.239904403686523;18.0;-48.1;702.9;6.72;-23.59;0.69
5.260002136230469;31.1;-30.5;638.9;1.41;-10.84;3.05
5.280056715011597;38.4;-14.6;647.0;-2.97;-4.28;5.25
5.300035715103149;39.4;-6.3;642.2;-6.41;-0.52;6.72
5.319906234741211;27.5;-8.6;618.8;-7.65;-0.53;6.99
5.339894533157349;6.4;-13.9;637.4;-6.93;-4.99;6.66
5.359900951385498;-14.2;-23.5;676.6;-5.74;-7.87;4.31
5.379840612411499;-38.2;-53.2;675.7;-1.35;-6.13;-0.62
5.400028467178345;-50.7;-73.8;676.4;2.82;-2.15;-4.25
5.419870853424072;-48.8;-82.2;690.8;4.26;5.76;-6.59
5.4398863315582275;-23.0;-79.5;686.1;2.59;19.16;-8.3
5.459881067276001;-4.4;-67.9;656.8;-2.47;28.6;-6.29
5.480106830596924;13.6;-55.3;659.9;-7.09;33.01;-4.04
5.5001060962677;27.9;-39.1;629.9;-12.39;33.08;-0.93
5.5198915004730225;29.1;-21.0;616.7;-16.93;31.58;1.68
5.539916753768921;22.7;-5.2;625.8;-20.21;29.85;3.71
5.560028553009033;15.3;-1.1;626.6;-21.33;27.65;5.29
5.57991886138916;11.0;0.2;617.6;-21.22;24.74;6.29
5.599970817565918;0.7;-1.4;632.0;-20.37;21.88;7.16
5.619925022125244;-0.5;-13.7;656.2;-17.41;20.23;5.41
5.640040159225464;3.8;-34.0;642.2;-13.41;19.63;2.71
5.659900188446045;6.6;-50.2;638.7;-10.26;19.58;-0.38
5.680029392242432;15.6;-58.9;654.3;-8.28;19.32;-3.57
5.699893951416016;22.0;-65.0;639.4;-6.66;17.8;-5.41
5.720118761062622;29.0;-65.0;667.1;-5.45;15.17;-7.14
5.740033149719238;31.0;-67.0;653.7;-5.17;10.22;-7.33
5.759879112243652;33.4;-60.6;655.5;-7.25;4.3;-6.13
5.780055999755859;28.7;-54.8;661.6;-9.1;-1.77;-4.01
5.8000335693359375;23.9;-50.3;673.0;-10.78;-8.38;-1.87
5.81988787651062;33.3;-45.2;697.0;-11.72;-13.02;0.26
5.839923858642578;38.2;-38.3;688.0;-11.7;-14.89;1.8
5.859849691390991;41.6;-26.7;656.5;0.48;-14.61;1.78
5.880053520202637;53.6;-23.4;692.5;16.35;-13.39;-0.08
5.900180339813232;63.9;-22.7;596.0;27.93;-8.49;-0.4
5.919851779937744;44.0;-37.5;280.9;19.8;-7.66;-1.07
5.940039873123169;68.2;-6.1;452.5;20.43;-12.08;1.34
5.960151433944702;42.9;-6.9;313.4;14.3;-14.01;2.24
5.979891538619995;33.8;-11.6;237.9;10.13;-14.96;1.87
5.999922275543213;36.2;1.7;199.0;5.19;-14.44;2.91
6.020210027694702;28.7;0.3;115.0;2.53;-10.79;2.19
6.040074825286865;32.4;1.2;124.0;0.93;-10.0;2.08
6.060092210769653;33.4;-0.3;79.1;-0.43;-6.6;0.98
6.079943656921387;28.0;-4.4;86.7;-0.85;-6.05;0.17
6.100238561630249;28.6;-5.1;81.5;-1.98;-4.09;-0.05
6.119909286499023;31.5;-4.9;90.7;-3.42;-2.67;0.01
6.139909267425537;31.9;-2.7;101.6;-4.46;-1.75;0.47
6.160033226013184;29.7;-6.9;79.5;-4.9;-0.77;0.64
6.1798646450042725;11.0;-7.3;-71.0;-0.87;-0.5;-0.18
6.1999170780181885;10.1;-15.0;-84.1;-0.32;-0.19;-0.45
6.220071792602539;10.6;-17.6;-82.8;-0.29;-0.21;-0.53
6.239856719970703;7.4;-19.6;-82.2;-0.3;-0.21;-0.53
6.25989294052124;4.6;-18.5;-83.4;-0.3;-0.15;-0.56
6.2798895835876465;6.6;-19.1;-82.3;-0.31;-0.21;-0.57
6.3000147342681885;6.8;-17.9;-80.8;-0.27;-0.25;-0.57
6.320022344589233;10.3;-17.3;-83.7;-0.33;-0.23;-0.59
6.3398823738098145;9.5;-13.8;-83.5;-0.32;-0.15;-0.48
6.3598856925964355;11.4;-15.5;-81.9;-0.29;-0.18;-0.6
6.379846811294556;13.7;-16.8;-82.7;-0.27;-0.2;-0.58
6.400044918060303;13.8;-16.9;-82.4;-0.25;-0.19;-0.56
6.4198620319366455;13.5;-18.2;-82.7;-0.25;-0.16;-0.56
6.439926862716675;13.0;-17.1;-82.1;-0.22;-0.2;-0.51
6.460011720657349;9.6;-16.0;-81.7;-0.21;-0.18;-0.47
6.479897975921631;9.5;-16.6;-82.0;-0.2;-0.17;-0.42
6.499871492385864;10.3;-17.3;-81.8;-0.2;-0.2;-0.43
6.520005464553833;12.5;-18.5;-79.8;-0.18;-0.33;-0.53
6.5400354862213135;12.1;-18.7;-81.0;-0.17;-0.27;-0.51
6.55988883972168;15.3;-20.0;-81.4;-0.16;-0.28;-0.5
6.579894304275513;13.4;-20.6;-81.3;-0.15;-0.22;-0.54
6.599915266036987;14.1;-20.6;-80.2;-0.14;-0.22;-0.54
6.620142221450806;12.1;-19.0;-83.0;-0.06;0.05;-0.49
6.64005708694458;16.4;-20.1;-83.9;0.01;0.12;-0.63
6.659873962402344;20.0;-20.5;-83.9;0.07;0.07;-0.74
6.679886817932129;20.0;-20.8;-84.1;-0.01;-0.0;-0.73
6.700041055679321;16.2;-20.7;-83.8;-0.08;0.03;-0.69
6.719985723495483;13.6;-20.2;-85.3;-0.13;0.15;-0.63
6.739949703216553;13.5;-20.4;-86.9;-0.13;0.23;-0.58
6.75995945930481;13.6;-21.2;-87.1;-0.14;0.25;-0.63
6.779911041259766;17.1;-19.8;-86.6;-0.17;0.13;-0.61
6.799884080886841;16.5;-21.1;-90.6;-0.19;0.32;-0.62
6.819892168045044;18.9;-22.6;-88.8;-0.13;0.18;-0.53
6.839969635009766;17.1;-22.2;-88.7;-0.15;0.21;-0.51
6.859938383102417;16.0;-21.4;-88.8;-0.25;0.21;-0.55
6.879843473434448;16.9;-17.4;-88.8;-0.26;0.17;-0.55
6.9000444412231445;17.9;-17.5;-88.3;-0.27;0.06;-0.6
6.919909477233887;14.6;-19.9;-86.4;-0.28;0.05;-0.62
6.940033674240112;15.6;-19.1;-87.3;-0.28;-0.0;-0.62
6.959879159927368;19.3;-19.4;-87.3;-0.25;-0.02;-0.5
6.979855537414551;-4.1;5.0;151.9;13.32;-9.78;0.71
6.999895095825195;-40.6;-47.1;355.2;23.25;-20.4;-0.34
7.019971609115601;-28.3;-63.1;456.5;29.89;-23.39;-2.43
7.040037155151367;-38.4;-64.9;599.5;37.04;-28.25;-3.71
7.0600504875183105;-41.1;-67.6;603.9;37.86;-30.2;-2.53
7.079993486404419;-36.2;-69.7;555.9;36.01;-30.4;-1.78
7.099915027618408;-34.1;-72.1;560.2;36.43;-30.55;-1.33
7.12013053894043;-36.7;-69.7;538.0;34.9;-31.39;-0.89
7.140024662017822;-32.6;-71.1;494.3;32.1;-30.8;-1.01
7.160020112991333;-33.8;-70.4;477.4;26.79;-32.18;-0.85
7.179873943328857;-33.0;-69.6;576.2;15.95;-39.79;0.63
7.199902057647705;-24.6;-72.5;636.1;5.67;-40.71;0.54
7.220067739486694;-10.2;-57.0;728.6;2.59;-34.87;1.03
7.239918947219849;24.0;-47.2;707.4;0.0;-22.26;0.49
7.26006007194519;37.0;-37.9;640.4;-3.96;-13.38;2.24
7.279904842376709;41.1;-21.8;648.6;-7.93;-8.27;4.56
7.300047874450684;44.1;-14.0;651.2;-10.1;-4.75;5.9
7.3199028968811035;30.8;-10.3;634.2;-10.78;-4.61;6.7
7.340000867843628;1.0;-20.9;657.2;-9.56;-8.48;6.51
7.359891176223755;-17.9;-31.6;685.5;-7.22;-9.75;4.65
7.379833221435547;-32.8;-54.3;676.9;-3.15;-7.48;1.2
7.399911403656006;-39.4;-74.9;683.5;1.28;-2.35;-2.15
7.420028924942017;-35.9;-81.0;685.9;2.5;5.35;-4.4
7.439886093139648;-20.0;-76.3;685.0;0.51;16.56;-6.1
7.460221767425537;0.7;-62.0;661.3;-4.56;25.83;-5.27
7.479915142059326;16.3;-48.1;650.6;-9.17;29.78;-3.73
7.500015497207642;25.3;-31.5;637.8;-13.91;30.32;-1.11
7.519892454147339;25.0;-15.4;622.4;-17.74;28.91;1.27
7.539835691452026;20.3;-5.2;622.5;-19.81;27.27;3.09
7.560025215148926;16.1;-2.2;629.1;-19.64;25.63;4.46
7.579999208450317;9.4;-5.5;637.0;-17.56;23.07;5.37
7.600032567977905;1.4;-8.9;648.6;-15.31;20.33;5.67
7.6200642585754395;1.1;-28.3;651.6;-11.07;19.38;3.95
7.6400322914123535;4.6;-45.2;644.4;-7.59;19.09;1.37
7.659895420074463;11.2;-55.2;645.9;-5.35;19.42;-1.22
7.680025100708008;19.8;-63.4;652.4;-3.63;18.98;-3.94
7.700100660324097;26.0;-65.5;651.7;-2.6;16.95;-5.66
7.719984769821167;33.1;-65.3;668.6;-3.27;13.89;-6.56
7.7398622035980225;35.2;-64.0;652.5;-4.8;9.36;-6.32
7.760103225708008;29.3;-51.0;639.0;-7.81;3.66;-4.63
7.77986741065979;31.6;-40.1;674.4;-9.63;-2.15;-2.44
7.799901485443115;21.4;-37.6;669.9;-10.13;-8.76;-0.49
7.819889545440674;32.2;-27.5;682.7;-10.88;-12.9;1.36
7.839872121810913;40.8;-29.6;680.2;-9.07;-15.09;1.84
7.859908580780029;42.6;-31.8;667.8;5.13;-14.97;0.37
7.8799028396606445;56.2;-42.8;700.7;24.12;-13.96;-2.32
7.899911403656006;61.5;-52.5;680.5;35.7;-12.1;-4.0
7.920025587081909;33.9;-40.7;402.8;26.87;-12.4;-2.04
7.939889669418335;67.8;-32.0;474.6;25.54;-15.37;-2.39
7.959887504577637;40.0;-28.7;289.4;16.31;-16.44;-0.77
7.979839324951172;24.1;-20.3;175.2;10.39;-14.47;-0.85
8.00002932548523;35.0;-11.8;145.8;6.54;-12.98;0.23
8.019953727722168;30.5;-11.5;102.8;4.27;-10.37;0.1
8.040059089660645;31.5;-12.0;103.9;2.62;-9.38;-0.07
8.059906005859375;29.1;-12.3;86.9;1.12;-7.65;-0.82
8.08002519607544;30.5;-17.7;101.2;0.82;-6.16;-1.92
8.100048542022705;34.8;-23.8;115.1;1.16;-4.84;-2.71
8.120033502578735;33.9;-22.1;117.4;-0.28;-4.34;-2.64
8.139897108078003;31.4;-21.1;132.6;-1.64;-4.1;-2.35
8.160004615783691;30.8;-22.7;103.7;-2.78;-2.78;-1.97
8.179988384246826;14.5;-13.9;-55.7;-1.79;-0.79;-0.53
8.199883460998535;10.9;-13.8;-85.7;-0.38;-0.24;-0.62
8.22004508972168;10.3;-17.2;-83.1;-0.36;-0.27;-0.72
8.240110397338867;6.9;-18.3;-83.1;-0.38;-0.27;-0.73
8.260035991668701;4.2;-15.3;-84.8;-0.4;-0.18;-0.72
8.279861688613892;6.5;-16.2;-83.4;-0.37;-0.26;-0.75
8.299903154373169;7.3;-15.6;-81.4;-0.37;-0.29;-0.72
8.319990873336792;9.3;-14.9;-84.5;-0.39;-0.23;-0.77
8.339988231658936;11.7;-12.8;-83.7;-0.39;-0.22;-0.75
8.359901189804077;13.9;-14.5;-83.2;-0.38;-0.22;-0.81
8.3798828125;14.7;-13.7;-83.0;-0.36;-0.19;-0.73
8.399898290634155;15.0;-15.4;-83.2;-0.34;-0.22;-0.78
8.419872045516968;14.3;-16.3;-82.6;-0.31;-0.22;-0.73
8.440021276473999;12.0;-14.7;-82.9;-0.31;-0.22;-0.71
8.459850549697876;9.3;-15.9;-82.2;-0.29;-0.24;-0.69
8.480034828186035;10.7;-15.9;-81.0;-0.29;-0.34;-0.63
8.499866485595703;9.8;-15.5;-81.8;-0.28;-0.27;-0.64
8.519874811172485;8.2;-16.3;-81.7;-0.27;-0.23;-0.62
8.539942026138306;10.3;-16.7;-82.4;-0.27;-0.19;-0.63
8.559978485107422;15.8;-17.4;-81.6;-0.23;-0.31;-0.7
8.579902172088623;14.4;-17.8;-81.8;-0.24;-0.25;-0.7
8.599961519241333;14.8;-18.6;-80.9;-0.2;-0.24;-0.68
8.620110034942627;18.6;-18.1;-80.4;-0.1;-0.24;-0.8
8.639955043792725;14.6;-17.9;-85.6;-0.09;0.22;-0.76
8.659862041473389;15.1;-18.6;-88.2;-0.1;0.35;-0.8
8.679964065551758;17.8;-18.8;-84.6;-0.13;-0.0;-0.89
8.699922323226929;14.9;-18.6;-85.0;-0.21;0.01;-0.89
8.719979524612427;15.1;-19.1;-84.9;-0.27;0.05;-0.85
8.740141153335571;16.9;-18.6;-85.6;-0.25;0.05;-0.8
8.760087490081787;16.7;-19.2;-85.9;-0.26;0.06;-0.82
8.77993631362915;17.3;-19.8;-88.0;-0.26;0.12;-0.86
8.799947261810303;21.0;-19.0;-87.9;-0.31;0.01;-0.82
8.819876670837402;18.3;-19.9;-90.1;-0.24;0.19;-0.67
8.83997917175293;15.6;-20.3;-89.9;-0.28;0.18;-0.68
8.859909057617188;15.0;-18.3;-88.0;-0.31;0.08;-0.72
8.88021731376648;16.6;-16.0;-89.6;-0.4;0.12;-0.73
8.899985551834106;16.4;-14.7;-89.7;-0.41;0.11;-0.7
8.9199960231781;16.8;-18.0;-86.4;-0.39;-0.0;-0.75
8.939990282058716;15.8;-18.4;-88.8;-0.4;0.06;-0.81
8.959929466247559;18.9;-17.0;-87.8;-0.37;-0.03;-0.65
8.979902744293213;17.2;-22.5;-63.4;1.3;-0.45;-0.89
9.000038862228394;-33.1;-40.1;271.6;18.98;-12.72;-0.46
9.020094871520996;-15.6;-33.5;402.6;27.02;-16.39;-1.1
9.039923906326294;-28.6;-56.2;496.8;32.41;-19.7;-1.47
9.060063123703003;-29.7;-57.8;591.7;38.1;-21.42;-0.89
9.079899549484253;-20.2;-58.8;526.6;35.43;-20.81;0.08
9.099870681762695;-20.6;-64.7;525.0;35.58;-20.64;0.5
9.120036602020264;-20.2;-63.3;514.5;35.02;-20.13;0.88
9.14004397392273;-22.4;-64.3;468.4;32.04;-20.51;0.82
9.159865379333496;-19.6;-70.9;452.1;28.83;-21.32;0.06
9.179851531982422;-17.7;-60.6;605.2;20.62;-27.47;1.62
9.200082063674927;-8.3;-65.1;650.4;9.13;-27.14;2.47
9.22005009651184;0.2;-52.1;695.4;6.11;-22.8;3.95
9.239885568618774;21.7;-43.3;688.8;4.2;-12.5;3.04
9.259884357452393;33.8;-35.1;660.4;1.62;-4.69;3.41
9.279878616333008;38.2;-17.5;643.8;-2.83;-0.38;4.9
9.299899101257324;35.2;-9.3;639.7;-5.42;2.23;4.96
9.319880485534668;15.2;-12.5;664.4;-5.3;-1.16;4.99
9.340016603469849;-9.7;-21.6;661.1;-3.57;-4.68;4.01
9.359853029251099;-26.6;-34.0;674.6;-1.33;-4.82;2.25
9.379880428314209;-28.4;-52.0;685.1;1.76;-1.28;-0.45
9.40002703666687;-32.5;-69.0;680.0;4.62;3.71;-2.4
9.41989541053772;-25.2;-80.2;681.0;5.39;12.4;-5.28
9.440012216567993;-10.4;-73.3;680.3;3.01;20.7;-5.63
9.459916114807129;5.9;-62.3;660.8;-1.15;26.66;-4.67
9.480016946792603;13.4;-48.5;637.0;-6.1;27.82;-2.46
9.49988055229187;20.5;-33.3;643.2;-12.0;27.08;0.43
9.520040512084961;18.4;-17.6;635.6;-16.96;25.21;2.91
9.54002594947815;15.3;-5.8;617.5;-20.61;22.07;4.56
9.559875011444092;12.1;-3.5;625.5;-21.12;19.54;5.28
9.579896926879883;7.4;-9.4;639.5;-19.41;16.41;5.24
9.599879026412964;4.7;-19.6;651.8;-16.81;14.14;4.36
9.620144605636597;8.3;-37.1;637.6;-12.83;13.84;2.02
9.639876365661621;15.2;-54.1;645.4;-9.65;13.64;-0.89
9.660031080245972;23.1;-65.2;648.0;-7.19;12.93;-3.38
9.679864883422852;27.1;-65.7;655.8;-6.88;10.18;-5.24
9.700079679489136;34.4;-68.0;664.8;-5.24;6.89;-6.28
9.719995021820068;34.7;-68.5;671.5;-5.71;1.0;-5.99
9.739870309829712;31.9;-69.3;666.9;-6.98;-5.47;-4.89
9.760211706161499;24.9;-62.6;646.7;-9.48;-10.41;-3.22
9.779846429824829;26.8;-54.6;659.4;-11.52;-13.41;-1.57
9.799846649169922;31.5;-41.7;675.4;-13.33;-17.55;0.37
9.820001602172852;32.6;-34.4;678.3;-14.66;-19.68;1.51
9.840011835098267;45.1;-30.8;688.1;-13.4;-19.22;1.83
9.859870433807373;51.8;-35.2;661.7;0.65;-17.38;0.15
9.879858255386353;63.5;-38.2;694.1;18.4;-16.56;-1.89
9.8998863697052;58.3;-43.2;587.0;30.3;-12.76;-3.14
9.920001983642578;43.2;-44.6;222.4;17.57;-8.69;-2.45
9.94010591506958;76.0;-18.9;462.0;23.47;-12.63;-2.14
9.959946632385254;46.5;-23.4;277.4;16.63;-12.7;-0.92
9.979926347732544;34.4;-21.1;215.4;13.09;-13.16;-0.75
9.999945878982544;45.0;-15.8;228.8;10.47;-13.32;0.38
10.020042896270752;49.1;-18.6;191.0;8.59;-9.47;-0.23
10.039962768554688;41.9;-19.9;177.1;6.55;-8.65;0.06
10.059942483901978;38.4;-18.1;128.3;4.09;-6.88;-1.09
10.079969644546509;39.5;-18.7;122.6;1.89;-4.46;-1.82
10.099963903427124;40.8;-20.2;116.0;-0.25;-1.58;-2.56
10.119959592819214;40.3;-17.3;102.2;-3.1;-0.45;-1.65
10.139955043792725;40.6;-12.7;111.7;-5.97;0.94;-0.59
10.15987229347229;35.1;-15.3;69.2;-7.01;1.69;0.32
10.17996883392334;15.5;-11.6;-73.6;-0.96;-0.0;-0.42
10.19994044303894;12.5;-14.6;-86.0;-0.41;-0.15;-0.63
10.219871520996094;9.6;-16.4;-82.3;-0.39;-0.22;-0.72
10.239954471588135;8.1;-17.4;-82.9;-0.4;-0.24;-0.74
10.259932041168213;5.3;-16.0;-83.8;-0.44;-0.22;-0.75
10.279875993728638;5.3;-15.8;-81.9;-0.4;-0.26;-0.73
10.30003023147583;4.7;-15.6;-82.0;-0.41;-0.19;-0.71
10.320035696029663;8.1;-13.3;-83.2;-0.43;-0.21;-0.65
10.340013027191162;11.4;-13.8;-82.2;-0.4;-0.25;-0.76
10.35985803604126;14.6;-15.2;-82.9;-0.39;-0.23;-0.84
10.380087614059448;13.4;-15.9;-83.9;-0.38;-0.16;-0.74
10.400099754333496;15.2;-15.5;-82.6;-0.35;-0.23;-0.74
10.419875144958496;13.5;-16.1;-83.5;-0.33;-0.18;-0.73
10.43995976448059;13.2;-16.2;-81.9;-0.31;-0.26;-0.72
10.460197687149048;10.3;-15.2;-80.5;-0.3;-0.29;-0.65
10.479854822158813;8.2;-15.3;-81.3;-0.31;-0.26;-0.62
10.49990725517273;8.5;-15.4;-81.9;-0.3;-0.21;-0.59
10.519994020462036;12.7;-16.3;-79.6;-0.26;-0.39;-0.7
10.53996467590332;12.8;-16.6;-80.8;-0.26;-0.29;-0.72
10.56001591682434;15.6;-17.5;-80.7;-0.25;-0.31;-0.7
10.580130577087402;15.2;-18.2;-81.5;-0.24;-0.25;-0.72
10.599960088729858;17.6;-19.9;-80.2;-0.15;-0.3;-0.81
10.61991810798645;17.0;-19.0;-82.6;-0.11;-0.04;-0.77
10.640013933181763;17.7;-19.6;-84.6;-0.05;0.09;-0.85
10.65999174118042;19.1;-19.2;-85.3;-0.08;0.08;-0.9
10.679890394210815;18.2;-19.5;-85.3;-0.14;0.03;-0.89
10.69998812675476;14.4;-19.1;-85.3;-0.2;0.08;-0.83
10.719939708709717;14.2;-18.4;-85.4;-0.25;0.12;-0.8
10.74000072479248;15.6;-18.8;-86.2;-0.23;0.11;-0.79
10.759908437728882;15.6;-18.7;-87.1;-0.26;0.13;-0.79
10.779969215393066;18.4;-18.9;-88.7;-0.29;0.18;-0.79
10.800002336502075;17.5;-18.6;-90.1;-0.28;0.25;-0.75
10.819885969161987;18.5;-20.2;-89.5;-0.24;0.19;-0.69
10.839906930923462;15.4;-21.5;-90.1;-0.24;0.23;-0.68
10.859992027282715;14.1;-19.7;-89.0;-0.31;0.17;-0.69
10.879945039749146;16.1;-16.6;-89.4;-0.36;0.12;-0.75
10.900045394897461;16.5;-16.6;-89.2;-0.39;0.08;-0.76
10.920022010803223;16.0;-17.5;-86.4;-0.36;-0.0;-0.7
10.939845561981201;15.3;-20.2;-88.4;-0.39;0.02;-0.88
10.959872961044312;15.8;-17.1;-89.3;-0.42;0.15;-0.6
10.980165481567383;15.7;-18.4;-86.2;-0.31;0.02;-0.63
11.000011205673218;-44.3;-42.2;260.2;13.34;-17.61;-0.41
11.020046710968018;-27.4;-31.9;394.8;22.4;-22.34;-0.66
11.039983987808228;-45.0;-54.0;538.0;29.79;-27.21;-1.78
11.06001615524292;-40.4;-63.9;612.1;34.82;-28.57;-1.91
11.080036878585815;-32.0;-59.0;550.0;33.74;-28.04;-0.7
11.099907636642456;-34.2;-68.0;565.9;35.17;-28.26;-0.33
11.120012283325195;-34.3;-70.8;553.2;34.8;-27.73;-0.07
11.14007830619812;-29.8;-68.8;504.0;31.88;-27.02;0.02
11.160003662109375;-31.8;-65.2;524.4;27.12;-29.06;0.15
11.179842233657837;-31.9;-69.0;620.1;16.76;-34.77;0.97
11.200011253356934;-20.2;-73.4;682.2;7.05;-35.26;0.99
11.220206499099731;-4.3;-59.1;706.2;4.89;-29.43;1.5
11.239835977554321;17.5;-47.4;691.2;3.5;-19.94;0.69
11.260009527206421;33.9;-32.9;676.0;-0.34;-11.06;2.0
11.279847860336304;40.7;-18.5;651.6;-3.78;-5.07;3.76
11.300021171569824;35.2;-8.4;642.9;-5.75;-2.87;5.11
11.319865226745605;18.6;-9.8;661.7;-5.33;-4.04;5.75
11.3400137424469;-2.9;-17.1;662.0;-3.67;-6.21;5.63
11.359930753707886;-21.6;-31.5;675.2;-0.46;-6.58;3.36
11.379827976226807;-29.6;-51.7;685.6;3.33;-2.49;0.34
11.400079727172852;-34.5;-68.3;683.8;6.57;2.74;-1.95
11.41987919807434;-33.8;-78.5;678.6;7.62;10.82;-4.44
11.439867734909058;-17.5;-76.9;682.0;6.54;19.85;-5.73
11.459869623184204;-0.6;-63.9;660.4;1.99;27.15;-5.43
11.4798583984375;10.6;-50.5;640.5;-2.47;29.51;-3.99
11.500056028366089;22.4;-33.6;647.0;-8.13;29.98;-1.35
11.519894361495972;19.9;-18.7;634.4;-12.88;28.32;1.15
11.540017366409302;16.4;-7.7;622.1;-16.15;25.77;3.21
11.559865951538086;12.6;-4.0;628.0;-17.56;22.74;4.58
11.579914808273315;7.0;-4.7;634.5;-16.67;19.18;5.2
11.60002851486206;2.5;-13.3;638.5;-14.5;16.09;4.94
11.61988639831543;5.0;-29.9;648.6;-10.77;14.9;2.77
11.64002513885498;10.0;-51.3;643.9;-7.2;14.42;-0.27
11.659895420074463;19.3;-64.4;643.4;-5.15;14.28;-2.75
11.679989099502563;26.4;-70.8;659.4;-3.79;12.52;-5.02
11.699861526489258;34.0;-71.0;660.4;-3.33;9.51;-6.12
11.719919919967651;36.6;-68.3;668.8;-4.36;4.4;-6.23
11.740043640136719;30.4;-68.2;660.4;-6.48;-3.17;-5.36
11.760109663009644;22.4;-61.1;644.4;-9.28;-9.09;-3.68
11.780009269714355;22.9;-50.6;669.5;-11.91;-13.6;-1.86
11.799991846084595;28.7;-42.8;675.8;-13.44;-17.35;-0.34
11.819857358932495;29.9;-36.1;678.4;-15.0;-19.98;1.0
11.8400137424469;42.7;-33.0;697.6;-14.18;-20.57;1.39
11.859847068786621;44.7;-35.2;665.8;-1.2;-19.18;0.36
11.880029201507568;61.2;-40.0;695.3;17.98;-17.23;-2.12
11.900125503540039;56.5;-52.1;624.6;29.06;-13.39;-3.14
11.920265913009644;38.2;-40.0;287.4;19.32;-9.93;-2.18
11.939916849136353;72.6;-24.4;451.5;20.6;-13.45;-2.29
11.959833860397339;43.2;-30.0;287.8;14.24;-13.91;-0.89
11.979918718338013;37.3;-25.1;226.7;10.98;-13.35;-0.77
12.00002932548523;40.5;-18.7;201.6;7.91;-12.85;0.0
12.019928693771362;36.8;-22.2;175.5;6.34;-11.25;-0.05
12.040043115615845;32.7;-18.6;168.9;4.54;-10.97;0.1
12.059856176376343;31.1;-21.8;139.0;3.25;-9.69;-0.88
12.079934358596802;33.9;-23.5;142.0;2.72;-8.3;-1.97
12.100021839141846;36.5;-29.0;141.2;2.64;-6.95;-2.94
12.120060920715332;34.0;-27.3;143.3;0.72;-6.87;-2.98
12.139886140823364;37.7;-24.2;142.8;-1.25;-6.27;-2.62
12.160146713256836;30.7;-21.5;91.7;-2.82;-4.95;-1.94
12.179837942123413;12.6;-14.1;-68.5;-1.16;-1.27;-0.51
12.199987173080444;7.5;-13.2;-85.6;-0.43;-0.35;-0.61
12.219858407974243;7.0;-16.6;-83.5;-0.42;-0.35;-0.72
12.23999309539795;5.6;-16.7;-83.8;-0.43;-0.39;-0.79
12.25987696647644;3.4;-13.9;-84.4;-0.44;-0.35;-0.79
12.27989387512207;4.4;-15.4;-81.9;-0.42;-0.41;-0.77
12.299990177154541;4.1;-13.3;-83.0;-0.43;-0.31;-0.66
12.31983470916748;7.9;-12.6;-81.9;-0.44;-0.41;-0.71
12.339845180511475;10.1;-13.2;-82.3;-0.44;-0.37;-0.77
12.359901905059814;13.9;-13.5;-84.2;-0.44;-0.3;-0.81
12.380038022994995;12.9;-14.3;-83.6;-0.41;-0.3;-0.77
12.399873971939087;12.3;-16.0;-83.4;-0.39;-0.29;-0.79
12.420034170150757;12.9;-15.0;-83.6;-0.36;-0.32;-0.77
12.439965009689331;12.0;-15.2;-83.1;-0.35;-0.33;-0.76
12.45997428894043;7.5;-15.5;-82.4;-0.36;-0.32;-0.68
12.480023860931396;5.6;-15.1;-84.2;-0.36;-0.23;-0.61
12.499913215637207;7.5;-15.4;-82.7;-0.33;-0.32;-0.61
12.520054340362549;7.5;-15.3;-82.4;-0.32;-0.29;-0.67
12.539890050888062;9.5;-16.2;-83.2;-0.32;-0.31;-0.69
12.5600004196167;12.3;-16.5;-83.0;-0.32;-0.3;-0.63
12.579833030700684;14.8;-17.2;-82.1;-0.3;-0.36;-0.76
12.599982023239136;15.8;-17.6;-81.9;-0.22;-0.28;-0.78
12.619903564453125;14.7;-18.2;-84.1;-0.12;-0.06;-0.81
12.64011836051941;13.6;-18.5;-87.4;-0.08;0.26;-0.84
12.660006999969482;14.6;-18.8;-89.3;-0.12;0.3;-0.84
12.679937601089478;12.2;-19.0;-88.0;-0.16;0.23;-0.8
12.700005292892456;11.4;-18.9;-86.5;-0.19;0.07;-0.86
12.719899892807007;11.9;-18.5;-85.2;-0.23;0.02;-0.87
12.739914178848267;12.7;-19.2;-86.6;-0.25;0.05;-0.84
12.760024547576904;13.9;-18.4;-87.5;-0.24;0.06;-0.82
12.779861450195312;16.4;-18.0;-89.5;-0.29;0.1;-0.84
12.799906492233276;20.0;-18.0;-88.3;-0.25;-0.03;-0.86
12.819911241531372;19.2;-19.9;-89.1;-0.25;-0.01;-0.82
12.840001106262207;17.5;-19.1;-91.0;-0.27;0.12;-0.75
12.86000919342041;15.5;-17.5;-90.0;-0.33;0.08;-0.72
12.87987470626831;17.7;-16.0;-89.4;-0.38;-0.02;-0.79
12.899834394454956;15.4;-14.4;-90.1;-0.41;0.02;-0.76
12.919995784759521;17.8;-17.9;-86.0;-0.39;-0.17;-0.81
12.939844608306885;16.1;-18.0;-88.4;-0.39;-0.09;-0.82
12.959838151931763;14.2;-18.8;-83.0;-0.1;-0.54;-0.53
12.979875326156616;-19.6;-55.6;221.9;12.07;-21.81;-1.28
12.999879598617554;-32.3;-40.1;366.8;19.93;-27.97;-1.47
13.01995038986206;-42.1;-58.6;473.3;27.54;-29.34;-3.33
13.039936542510986;-37.2;-59.9;559.9;32.76;-30.88;-3.02
13.060071229934692;-35.0;-61.6;535.2;33.58;-29.04;-1.99
13.07988715171814;-31.4;-68.8;533.8;34.19;-28.42;-1.66
13.10003924369812;-27.5;-66.1;497.5;32.81;-25.72;-0.58
13.11992597579956;-24.0;-59.2;444.1;30.06;-23.51;0.02
13.139905214309692;-26.6;-57.8;414.4;27.97;-23.11;0.24
13.159892559051514;-21.2;-59.1;375.3;23.01;-22.82;0.22
13.179811716079712;-16.2;-65.2;477.1;15.45;-28.65;1.23
13.200027465820312;-3.4;-73.2;620.4;9.28;-30.2;0.46
13.219904899597168;0.1;-67.8;739.6;8.65;-22.28;1.39
13.24003553390503;20.9;-56.1;679.3;6.68;-8.52;1.66
13.25988221168518;30.9;-45.8;633.5;3.62;0.22;2.86
13.279937028884888;32.6;-27.2;657.8;0.33;4.03;5.02
13.300016164779663;22.0;-16.3;646.1;-2.82;4.52;6.16
13.319879293441772;6.9;-15.1;647.8;-4.1;2.54;6.77
13.33983564376831;-10.9;-22.1;660.9;-3.37;-1.39;5.79
13.35989785194397;-31.3;-37.8;674.1;-0.94;-2.59;2.6
13.379944562911987;-40.8;-54.5;672.1;1.41;0.53;-0.37
13.400222778320312;-39.9;-66.2;676.0;3.6;7.35;-2.81
13.419932842254639;-29.8;-74.6;677.4;4.44;16.32;-5.79
13.440004110336304;-16.4;-71.4;674.3;2.48;24.67;-6.12
13.459954023361206;3.9;-62.9;651.9;-2.87;31.31;-4.59
13.479936838150024;15.0;-54.2;632.9;-7.25;32.56;-2.71
13.499836683273315;21.6;-39.9;637.4;-12.0;31.95;-0.11
13.519886255264282;15.0;-24.1;638.4;-16.58;29.71;2.4
13.539965391159058;13.7;-15.1;629.2;-20.03;25.53;4.36
13.559962511062622;9.6;-13.4;629.6;-21.16;19.45;5.89
13.579910516738892;2.1;-20.0;639.9;-19.76;13.56;6.1
13.599892377853394;0.9;-29.7;651.2;-17.54;10.3;4.14
13.619926929473877;6.8;-41.6;638.5;-14.87;10.5;1.44
13.640031576156616;15.4;-54.5;643.5;-12.81;10.89;-1.42
13.659841537475586;26.1;-65.4;651.5;-10.95;10.32;-3.48
13.679911613464355;32.5;-70.2;667.2;-10.34;7.71;-5.21
13.699909687042236;40.8;-70.2;660.8;-10.27;3.45;-5.8
13.720248937606812;37.8;-69.2;675.9;-10.02;-3.9;-5.0
13.739909648895264;32.9;-68.9;673.6;-10.44;-12.19;-3.45
13.759902954101562;24.2;-63.0;653.5;-12.26;-17.02;-1.48
13.779926061630249;24.2;-54.2;658.5;-14.17;-20.87;0.09
13.800047397613525;30.6;-48.3;679.2;-15.46;-23.63;1.53
13.819911241531372;39.6;-48.4;685.9;-15.32;-24.05;1.58
13.83996844291687;48.7;-44.4;680.5;-13.31;-20.87;1.42
13.85994577407837;53.6;-49.6;654.7;1.2;-17.2;-1.13
13.879989624023438;21.6;5.1;132.9;7.96;-0.73;0.35
13.899837017059326;17.0;-12.1;-78.8;-0.67;-0.28;-0.58
13.91982650756836;112.8;-36.6;217.6;17.78;-1.65;-8.29
13.940022706985474;60.1;-40.1;497.3;31.11;-3.99;-3.93
13.959867715835571;37.0;-37.5;376.3;26.87;-7.1;-0.9
13.980043649673462;59.0;-30.4;553.1;34.42;-9.44;-1.68
13.999889850616455;39.2;-32.8;412.5;27.67;-7.66;-0.01
14.020005226135254;42.9;-46.8;365.4;25.47;-6.77;-0.78
14.040181875228882;24.4;-42.1;288.8;21.28;-7.78;-0.06
14.060011386871338;11.2;-36.4;168.5;14.79;-5.06;-0.16
14.080048561096191;28.7;-39.8;183.8;15.28;0.32;-3.08
14.10004997253418;26.4;-40.6;170.6;13.93;3.05;-3.77
14.119952917098999;23.2;-34.2;143.4;11.62;4.49;-3.56
14.140034198760986;17.8;-22.2;111.6;8.42;6.37;-2.91
14.159914493560791;10.0;-14.0;-61.9;0.68;1.44;-0.94
14.17989468574524;10.3;-17.1;-83.3;-0.16;0.09;-0.51
14.200042963027954;12.6;-23.7;-81.8;-0.13;0.01;-0.62
14.220023155212402;7.6;-19.9;-80.6;-0.13;-0.0;-0.48
14.240031957626343;9.0;-19.1;-82.2;-0.21;-0.0;-0.64
14.259828329086304;10.1;-17.4;-82.4;-0.24;0.06;-0.63
14.280002355575562;11.5;-16.0;-80.9;-0.25;-0.0;-0.6
14.300075769424438;12.5;-14.6;-81.1;-0.23;-0.0;-0.61
14.32004976272583;15.5;-13.9;-81.7;-0.26;-0.0;-0.64
14.33988356590271;16.9;-14.0;-82.2;-0.25;0.02;-0.67
14.3598952293396;14.1;-15.0;-81.8;-0.24;0.07;-0.63
14.380000591278076;13.3;-18.6;-82.0;-0.21;0.07;-0.66
14.399920225143433;14.8;-19.1;-81.6;-0.18;-0.0;-0.65
14.419979810714722;13.8;-20.5;-81.4;-0.17;-0.01;-0.67
14.439934968948364;10.8;-20.0;-80.5;-0.13;0.01;-0.58
14.46000337600708;13.4;-19.8;-79.2;-0.12;-0.09;-0.61
14.47997498512268;13.4;-18.3;-80.2;-0.13;-0.03;-0.58
14.499856233596802;11.6;-17.6;-80.8;-0.14;0.03;-0.55
14.519912481307983;12.5;-18.0;-81.3;-0.13;0.06;-0.52
14.539998769760132;14.0;-18.3;-81.1;-0.12;0.04;-0.53
14.560033798217773;14.5;-18.5;-80.1;-0.1;0.02;-0.55
14.580021858215332;13.9;-19.0;-82.1;-0.08;0.19;-0.55
14.600152254104614;18.6;-19.1;-83.3;0.03;0.26;-0.66
14.619935989379883;16.2;-20.3;-85.8;0.04;0.57;-0.7
14.639976978302002;20.2;-20.7;-85.3;0.03;0.41;-0.74
14.660053253173828;18.9;-21.0;-83.5;-0.02;0.32;-0.75
14.679956436157227;18.4;-21.3;-84.1;-0.07;0.31;-0.77
14.699910163879395;13.0;-21.8;-86.4;-0.1;0.56;-0.68
14.720001935958862;16.9;-22.6;-87.0;-0.11;0.5;-0.73
14.740024328231812;19.3;-22.0;-85.9;-0.13;0.34;-0.78
14.75991153717041;16.7;-19.7;-87.4;-0.12;0.51;-0.66
14.780029773712158;19.7;-20.3;-86.2;-0.15;0.29;-0.74
14.799917697906494;21.4;-20.6;-86.5;-0.08;0.27;-0.69
14.819926500320435;18.3;-19.8;-87.7;-0.15;0.37;-0.59
14.839932203292847;17.4;-17.9;-88.4;-0.21;0.39;-0.56
14.85990858078003;16.3;-17.6;-88.5;-0.28;0.37;-0.63
14.880069732666016;17.7;-15.9;-88.4;-0.28;0.34;-0.62
14.89983582496643;9.9;-16.8;-88.8;-0.27;0.5;-0.56
14.92003345489502;14.3;-19.6;-85.8;-0.26;0.31;-0.63
14.939921617507935;22.8;-21.1;-86.8;-0.22;0.2;-0.63
14.959914207458496;19.6;-21.6;-85.1;-0.18;0.26;-0.61
14.979897260665894;-7.6;-38.4;227.4;17.1;-2.8;-1.23
14.999913930892944;0.7;-46.5;386.8;26.26;-6.62;-1.84
15.019945621490479;-16.3;-67.9;467.0;30.98;-10.25;-1.25
15.039920091629028;-25.5;-71.7;597.2;38.02;-14.45;-0.82
15.060054779052734;-18.9;-75.3;569.4;37.17;-16.42;-0.32
15.079929828643799;-14.2;-82.9;557.2;36.68;-17.35;-0.06
15.100147724151611;-22.8;-81.2;578.8;37.42;-19.98;0.8
15.119897842407227;-25.4;-74.3;554.7;35.57;-21.75;1.25
15.140144109725952;-26.3;-85.5;519.9;31.63;-22.63;0.57
15.159892082214355;-30.5;-75.5;591.6;26.61;-27.21;1.06
15.179996728897095;-23.9;-79.4;683.4;12.72;-32.41;3.19
15.199863195419312;-12.9;-63.4;695.1;8.03;-29.64;4.48
15.219933271408081;17.9;-51.9;685.2;7.26;-21.98;3.55
15.239967107772827;31.5;-36.7;693.1;3.8;-17.5;3.67
15.259872436523438;42.8;-21.2;664.3;0.15;-13.74;4.31
15.280148267745972;48.3;-9.9;633.2;-3.73;-10.87;4.94
15.300013303756714;33.2;-6.0;655.4;-5.75;-11.34;5.02
15.319945335388184;11.4;-13.6;665.4;-4.42;-12.98;4.5
15.340033054351807;-8.0;-24.4;673.7;-2.34;-13.08;2.8
15.360042810440063;-21.7;-45.0;686.2;1.46;-11.73;0.13
15.38001275062561;-33.3;-65.2;689.7;5.24;-9.36;-2.47
15.399919986724854;-35.0;-83.0;685.2;7.83;-4.55;-4.52
15.419986248016357;-27.1;-86.3;691.1;6.93;2.49;-6.67
15.439916372299194;-8.4;-77.3;675.1;3.37;14.75;-7.17
15.459981918334961;8.0;-62.3;654.0;-2.68;22.36;-5.32
15.479875802993774;16.6;-43.3;645.4;-9.08;27.14;-1.77
15.499892950057983;24.6;-22.9;626.8;-15.21;28.53;2.17
15.520007371902466;20.7;-10.0;615.6;-19.09;27.67;4.57
15.539877891540527;12.8;-2.1;621.6;-20.55;25.89;6.08
15.560039281845093;2.3;0.4;625.8;-20.05;23.52;6.58
15.579921245574951;-5.8;-5.0;636.4;-17.3;21.37;6.75
15.600028038024902;-5.2;-20.8;638.8;-13.61;20.92;4.5
15.619927167892456;-3.9;-37.7;639.8;-9.89;21.73;1.72
15.64001178741455;1.5;-49.3;639.0;-7.3;23.27;-1.09
15.660061359405518;12.7;-64.7;644.1;-5.26;24.31;-4.38
15.680026531219482;19.7;-67.9;645.2;-3.79;23.98;-6.01
15.699913501739502;26.7;-64.9;655.8;-3.61;22.39;-6.77
15.719857454299927;29.5;-64.6;641.1;-4.34;18.88;-6.31
15.740009784698486;26.0;-64.6;636.7;-6.15;13.32;-4.68
15.759997367858887;24.0;-57.1;647.4;-8.58;8.42;-2.43
15.77987813949585;25.1;-48.7;649.9;-10.5;4.76;-0.45
15.799820184707642;24.9;-38.8;658.4;-11.61;0.99;1.62
15.819899559020996;30.8;-33.8;675.2;-12.16;-1.96;2.7
15.839864492416382;41.9;-28.0;675.7;-2.15;-2.19;2.09
15.859876871109009;51.8;-27.9;670.5;15.13;-1.84;-0.05
15.8800368309021;63.3;-40.7;689.4;31.89;-2.21;-3.21
15.899980068206787;75.2;-64.8;666.3;35.69;-5.11;-4.38
15.919933795928955;55.8;-71.8;582.5;30.17;-10.17;-3.05
15.940069198608398;21.1;-30.5;291.6;18.41;-8.72;-0.86
15.95988154411316;35.0;-54.0;122.5;10.23;-6.42;-3.03
15.979959964752197;32.3;-50.3;105.6;8.81;-6.35;-2.94
16.000029802322388;33.1;-42.7;31.9;5.51;-4.4;-2.61
16.020103454589844;30.0;-39.6;84.4;7.34;-6.58;-2.6
16.0399649143219;43.8;-45.4;133.1;8.78;-7.26;-3.66
16.060038805007935;53.2;-45.3;202.0;10.34;-9.01;-4.43
16.079915523529053;46.3;-46.1;214.9;10.71;-10.89;-4.17
16.099902391433716;48.6;-45.2;206.4;11.23;-10.81;-4.01
16.119943380355835;47.3;-50.6;207.6;12.35;-11.18;-4.47
16.140228271484375;39.2;-51.7;178.6;12.13;-10.45;-4.21
16.159858465194702;34.7;-39.6;11.6;4.77;-5.27;-3.12
16.18002939224243;10.5;-19.5;-85.6;-0.28;0.02;-0.7
16.200011491775513;12.0;-17.9;-82.8;-0.28;-0.05;-0.69
16.21986675262451;8.9;-17.4;-81.8;-0.33;-0.08;-0.7
16.239890575408936;4.0;-13.3;-82.5;-0.38;-0.06;-0.68
16.259901523590088;3.2;-9.9;-81.2;-0.38;-0.08;-0.64
16.279942989349365;4.5;-12.7;-80.0;-0.37;-0.16;-0.71
16.300034046173096;8.0;-11.6;-82.3;-0.38;-0.12;-0.62
16.319866180419922;11.0;-13.0;-82.8;-0.37;-0.11;-0.69
16.340023040771484;15.5;-15.4;-82.6;-0.36;-0.08;-0.78
16.359845876693726;15.9;-16.3;-82.8;-0.34;-0.03;-0.78
16.37987470626831;15.2;-17.9;-82.1;-0.32;-0.03;-0.82
16.400006771087646;14.5;-16.9;-82.1;-0.31;-0.07;-0.76
16.420027494430542;14.0;-16.7;-81.1;-0.31;-0.13;-0.72
16.439916372299194;8.9;-15.5;-80.8;-0.28;-0.13;-0.6
16.460004568099976;7.5;-16.0;-79.2;-0.27;-0.2;-0.59
16.480016946792603;6.8;-15.4;-80.8;-0.28;-0.14;-0.61
16.499900579452515;6.2;-14.3;-81.0;-0.28;-0.08;-0.55
16.520042419433594;9.5;-14.6;-81.2;-0.27;-0.09;-0.55
16.540079355239868;15.9;-14.8;-79.7;-0.25;-0.2;-0.64
16.5598783493042;15.3;-15.0;-79.7;-0.25;-0.13;-0.65
16.579926252365112;19.0;-15.8;-78.7;-0.19;-0.24;-0.71
16.600002765655518;17.4;-16.9;-81.9;-0.17;0.05;-0.72
16.620052099227905;17.2;-20.1;-82.1;-0.05;0.1;-0.81
16.639925718307495;17.6;-21.9;-85.3;-0.01;0.32;-0.94
16.659934282302856;15.1;-21.1;-85.4;-0.06;0.3;-0.83
16.679852962493896;12.8;-21.2;-85.0;-0.12;0.25;-0.83
16.700024127960205;12.4;-19.2;-83.7;-0.17;0.22;-0.78
16.720054864883423;13.7;-17.3;-85.5;-0.2;0.24;-0.8
16.73988127708435;13.9;-16.2;-84.9;-0.22;0.22;-0.76
16.760021209716797;14.9;-15.3;-86.2;-0.27;0.31;-0.71
16.779906272888184;19.7;-15.4;-87.9;-0.26;0.29;-0.73
16.80014395713806;17.4;-16.5;-88.5;-0.24;0.31;-0.63
16.8199200630188;17.0;-18.1;-87.6;-0.24;0.25;-0.7
16.840019702911377;16.1;-17.8;-86.9;-0.29;0.21;-0.79
16.859999895095825;16.6;-14.9;-87.2;-0.36;0.2;-0.66
16.8800106048584;16.2;-15.5;-88.8;-0.37;0.24;-0.73
16.899895668029785;10.5;-19.0;-87.9;-0.42;0.29;-0.71
16.920095682144165;13.3;-20.0;-85.9;-0.29;0.14;-0.68
16.939892292022705;16.6;-21.2;-86.6;-0.29;0.09;-0.69
16.960028886795044;-1.1;-14.2;19.4;5.53;-7.85;0.48
16.97993016242981;-33.8;-54.5;261.9;16.86;-22.28;-1.31
16.9999737739563;-34.5;-65.2;405.7;25.37;-27.51;-2.16
17.02003574371338;-46.4;-79.2;555.7;34.25;-30.13;-3.27
17.039918661117554;-44.8;-77.2;585.8;37.02;-29.59;-2.56
17.060023307800293;-36.6;-74.3;565.8;36.98;-27.77;-1.37
17.0799081325531;-39.7;-77.5;556.1;36.75;-27.03;-0.46
17.10022258758545;-34.0;-72.3;519.6;35.2;-23.91;0.4
17.119876623153687;-33.3;-65.9;476.7;32.77;-22.54;0.9
17.13991379737854;-35.5;-75.7;440.9;29.38;-22.37;0.36
17.159979343414307;-34.0;-78.4;485.5;27.28;-24.31;0.69
17.180052042007446;-38.1;-68.0;685.1;21.35;-27.68;2.4
17.200079441070557;-12.9;-68.5;712.6;18.92;-17.86;1.41
17.220038175582886;5.9;-59.6;675.5;18.66;-6.28;2.4
17.239848375320435;25.4;-38.0;674.5;13.55;3.05;3.68
17.25989866256714;32.1;-16.5;650.8;7.55;9.82;4.66
17.280008554458618;25.8;-5.3;620.3;3.36;12.64;4.81
17.299849271774292;11.6;2.6;630.7;1.04;10.67;5.72
17.32004952430725;-7.9;5.6;650.8;-0.28;5.48;6.33
17.33985471725464;-21.5;-9.2;653.9;1.86;3.37;3.57
17.360098600387573;-39.8;-29.1;667.5;5.93;2.37;0.38
17.379857778549194;-41.5;-50.6;680.1;11.22;6.15;-2.67
17.400097370147705;-31.9;-69.6;683.8;14.44;12.06;-6.47
17.41986608505249;-23.6;-80.0;685.0;15.14;18.61;-7.65
17.440030097961426;-3.8;-80.4;668.4;11.68;26.32;-6.67
17.459906101226807;11.1;-73.4;637.9;6.58;30.54;-4.59
17.480055570602417;23.0;-56.0;647.4;0.84;30.94;-1.89
17.500038385391235;24.3;-35.1;650.0;-5.13;28.86;1.16
17.5200457572937;21.0;-17.5;629.1;-11.19;24.74;3.82
17.53986954689026;14.3;-8.2;625.1;-14.1;20.23;5.18
17.559983253479004;8.3;-0.3;628.3;-15.9;14.49;6.26
17.579951524734497;3.3;-4.6;641.0;-15.14;9.69;5.37
17.60003113746643;3.9;-15.6;635.1;-12.69;7.99;2.8
17.61996078491211;8.8;-29.0;647.3;-9.55;7.61;-0.31
17.639967441558838;18.3;-48.7;653.4;-5.49;7.1;-3.39
17.659920692443848;23.2;-66.9;665.4;-2.46;5.83;-5.99
17.68003797531128;29.7;-75.4;663.5;0.37;3.92;-7.79
17.699904441833496;28.4;-69.9;666.7;0.62;-2.98;-7.36
17.71989917755127;25.5;-58.4;695.3;-0.39;-11.71;-5.71
17.74001932144165;20.7;-53.3;700.2;-1.91;-17.71;-3.72
17.7598876953125;19.2;-55.7;688.1;-4.23;-21.29;-1.77
17.77991271018982;21.0;-48.9;679.8;-7.08;-22.92;-0.03
17.799867630004883;30.9;-43.3;688.1;-9.36;-23.18;1.01
17.819913625717163;43.3;-40.3;689.0;-10.44;-20.7;1.46
17.839879989624023;50.0;-30.6;656.8;-2.93;-16.48;0.85
17.860037803649902;58.3;-22.5;665.3;11.98;-14.05;-0.86
17.879886388778687;50.3;-21.6;588.7;27.01;-11.79;-2.3
17.8999240398407;54.6;-19.4;258.4;19.2;-6.81;-0.36
17.920188426971436;77.6;-9.2;403.7;22.46;-5.1;-0.84
17.939923763275146;58.2;1.6;404.9;18.91;-10.27;4.69
17.960036993026733;47.7;-19.9;233.0;15.06;-11.44;0.81
17.9799222946167;59.0;-5.9;331.2;12.22;-14.13;3.0
18.00003170967102;55.8;-15.3;227.9;7.91;-8.94;2.58
18.020049810409546;43.2;-7.1;208.0;4.26;-8.4;4.26
18.039920330047607;39.6;-8.3;149.6;1.16;-5.57;3.61
18.05992865562439;39.4;-9.7;119.7;-1.25;-1.42;2.79
18.08001685142517;45.1;-14.9;113.4;-3.1;2.87;1.64
18.099931001663208;40.5;-17.1;94.8;-4.56;4.87;0.74
18.120047092437744;38.0;-17.2;103.8;-6.09;5.23;0.91
18.139915704727173;33.6;-19.0;81.9;-6.17;5.27;0.69
18.16001796722412;22.8;-17.4;-33.0;-2.68;2.1;-0.1
18.17991352081299;12.1;-14.0;-84.0;-0.3;0.02;-0.39
18.200037240982056;11.3;-18.6;-82.3;-0.26;-0.03;-0.53
18.219913005828857;9.4;-19.7;-81.7;-0.24;-0.07;-0.56
18.239909648895264;6.7;-17.7;-82.1;-0.3;-0.09;-0.61
18.26008367538452;7.2;-19.0;-81.3;-0.3;-0.11;-0.7
18.279890775680542;9.1;-18.4;-79.6;-0.27;-0.16;-0.65
18.300020933151245;9.6;-16.0;-80.8;-0.27;-0.11;-0.54
18.3200523853302;12.2;-16.3;-81.0;-0.29;-0.11;-0.6
18.339966773986816;16.7;-15.6;-80.9;-0.27;-0.12;-0.67
18.35985279083252;15.3;-16.6;-82.0;-0.28;-0.05;-0.66
18.37991428375244;16.4;-15.9;-81.6;-0.27;-0.09;-0.67
18.400002479553223;15.3;-17.0;-82.3;-0.26;-0.07;-0.69
18.420135498046875;14.7;-17.2;-80.8;-0.24;-0.14;-0.62
18.439890146255493;9.9;-17.0;-80.6;-0.23;-0.04;-0.55
18.459877967834473;10.2;-17.3;-79.8;-0.22;-0.16;-0.58
18.479880571365356;9.8;-17.2;-80.8;-0.21;-0.13;-0.56
18.499892234802246;9.7;-17.4;-79.3;-0.19;-0.14;-0.55
18.519912242889404;11.8;-18.0;-80.7;-0.18;-0.14;-0.57
18.53988742828369;14.8;-18.8;-81.0;-0.2;-0.1;-0.53
18.559987545013428;17.2;-20.1;-79.0;-0.14;-0.23;-0.67
18.57989501953125;17.7;-20.1;-79.0;-0.13;-0.19;-0.67
18.599855422973633;18.4;-19.4;-82.3;-0.07;0.04;-0.66
18.62001609802246;17.4;-20.5;-83.4;-0.05;0.22;-0.68
18.63988947868347;20.5;-20.9;-85.9;0.01;0.31;-0.83
18.65991735458374;17.9;-20.1;-82.6;-0.05;0.17;-0.84
18.679857969284058;17.6;-18.4;-83.9;-0.11;0.16;-0.76
18.699915647506714;18.4;-18.8;-84.4;-0.14;0.14;-0.8
18.720035076141357;20.9;-19.3;-84.4;-0.13;0.08;-0.76
18.73988628387451;14.7;-19.7;-88.0;-0.17;0.47;-0.65
18.7599675655365;18.8;-21.2;-85.5;-0.15;0.19;-0.77
18.77990221977234;18.6;-20.0;-87.3;-0.16;0.32;-0.67
18.800202131271362;19.8;-22.1;-87.8;-0.16;0.19;-0.65
18.81995463371277;17.3;-21.7;-87.3;-0.17;0.23;-0.63
18.84001326560974;18.2;-21.0;-88.0;-0.23;0.22;-0.71
18.860098361968994;17.9;-17.3;-88.4;-0.28;0.2;-0.67
18.87993597984314;17.3;-16.0;-88.0;-0.32;0.19;-0.62
18.899921655654907;13.0;-17.2;-88.1;-0.31;0.29;-0.58
18.91991639137268;15.9;-18.2;-85.7;-0.28;0.11;-0.62
18.940180778503418;20.0;-20.0;-86.4;-0.26;0.05;-0.65
18.95990562438965;19.8;-10.7;-39.0;2.72;-3.07;-0.2
18.979899883270264;-24.5;-37.5;270.4;19.32;-15.01;-0.18
18.999881267547607;-19.2;-43.4;409.2;27.32;-18.95;-0.67
19.020211219787598;-30.3;-54.8;522.8;33.63;-22.06;-1.53
19.03990912437439;-26.3;-50.7;582.6;37.53;-22.63;-1.06
19.06010603904724;-20.9;-54.3;525.5;35.35;-22.53;0.13
19.07992148399353;-18.4;-60.7;527.0;35.81;-21.83;0.46
19.10004949569702;-16.5;-60.3;505.8;34.8;-20.59;0.74
19.119876623153687;-19.2;-60.8;475.9;32.87;-20.84;0.84
19.140047788619995;-16.6;-69.9;450.0;30.32;-19.83;0.24
19.159905672073364;-15.0;-66.9;532.9;28.19;-20.17;0.61
19.17987084388733;-13.1;-62.7;662.5;15.26;-23.15;2.85
19.200018882751465;8.1;-56.1;687.8;10.45;-17.39;2.84
19.219886541366577;24.0;-43.5;685.6;9.72;-8.35;2.78
19.23990821838379;31.0;-38.9;676.3;7.58;-2.26;2.8
19.25988006591797;36.0;-23.9;641.9;4.61;2.54;3.64
19.279895544052124;24.2;-15.4;635.6;2.57;3.24;3.97
19.300028324127197;8.4;-8.0;659.6;0.79;1.15;4.56
19.3199200630188;-7.8;-15.6;671.0;1.8;-0.94;3.8
19.339991092681885;-24.7;-32.3;659.7;3.96;-0.56;1.78
19.35989809036255;-27.1;-49.2;690.9;6.93;2.51;-0.32
19.380008935928345;-26.0;-61.6;677.1;9.05;7.41;-1.83
19.400052070617676;-19.0;-76.0;684.4;11.0;14.06;-4.63
19.41987633705139;-10.2;-78.2;665.0;9.79;20.34;-5.36
19.440044403076172;4.4;-73.0;658.1;5.6;25.97;-4.78
19.459874391555786;13.2;-61.2;640.7;0.96;28.11;-3.03
19.479867219924927;19.5;-40.8;641.7;-5.2;28.13;0.25
19.499910593032837;15.9;-21.8;636.4;-10.99;26.67;2.95
19.519925117492676;11.4;-10.5;626.8;-14.89;24.53;4.65
19.539944171905518;9.8;-7.7;623.1;-15.94;21.89;5.48
19.560001850128174;4.9;-6.8;634.1;-15.38;19.1;5.59
19.57991671562195;2.2;-19.3;641.4;-12.13;16.93;3.42
19.60017418861389;8.1;-37.1;647.6;-8.57;16.79;0.54
19.620020389556885;16.3;-51.1;633.6;-6.08;17.23;-2.03
19.64002275466919;21.2;-61.3;656.4;-3.86;16.26;-4.19
19.659909963607788;25.6;-68.9;660.6;-1.81;14.31;-6.05
19.680054903030396;30.5;-68.8;655.4;-1.71;11.48;-6.76
19.700047254562378;30.7;-64.2;666.3;-2.53;6.37;-6.03
19.71994113922119;31.9;-59.8;680.0;-4.61;-0.67;-4.06
19.740025520324707;31.1;-53.4;669.4;-7.01;-5.11;-2.1
19.759859800338745;23.6;-45.9;660.0;-9.56;-8.49;-0.21
19.77999997138977;28.5;-38.7;671.7;-10.79;-10.45;1.25
19.799853086471558;34.9;-31.9;666.0;-12.09;-12.5;2.48
19.819883346557617;45.0;-31.9;678.2;-11.91;-13.05;2.84
19.83985447883606;56.0;-34.5;660.7;0.08;-11.05;0.45
19.85989761352539;62.2;-40.0;667.8;18.96;-10.75;-2.58
19.879917860031128;64.9;-49.0;711.1;35.03;-11.94;-4.74
19.900024890899658;58.6;-56.8;569.5;34.33;-14.74;-3.84
19.91986584663391;41.4;-55.9;400.8;25.72;-16.47;-1.87
19.939923763275146;44.0;-28.8;434.6;21.12;-19.75;2.04
19.960010051727295;37.1;-26.0;220.9;12.07;-16.76;-0.01
19.98009943962097;27.7;-11.7;168.4;6.35;-16.27;1.2
20.000030517578125;31.0;-7.7;115.3;2.97;-12.32;1.49
20.019888639450073;36.0;-12.4;118.6;0.9;-10.47;0.81
20.039963245391846;33.0;-12.4;109.8;-0.9;-8.63;0.59
20.060030221939087;34.7;-15.3;98.8;-2.06;-7.13;-0.22
20.0800678730011;32.7;-16.2;103.0;-2.55;-5.97;-0.4
20.099879264831543;31.2;-18.9;103.9;-2.88;-4.96;-0.51
20.119882345199585;36.9;-18.3;126.8;-4.11;-4.46;-0.13
20.13987636566162;31.2;-16.6;118.6;-5.13;-3.81;0.19
20.160014152526855;20.5;-21.0;-17.8;-3.46;-0.98;-0.39
20.18009877204895;8.7;-15.9;-85.5;-0.33;-0.22;-0.53
20.20003080368042;9.8;-17.6;-83.6;-0.26;-0.22;-0.56
20.22001028060913;7.2;-19.4;-83.1;-0.27;-0.2;-0.61
20.23989248275757;6.2;-17.1;-83.8;-0.29;-0.19;-0.68
20.259907245635986;5.5;-16.1;-84.8;-0.3;-0.16;-0.64
20.279889822006226;7.9;-16.5;-81.6;-0.29;-0.28;-0.68
20.30002188682556;9.2;-16.1;-83.2;-0.29;-0.21;-0.67
20.319929599761963;11.3;-14.0;-83.7;-0.3;-0.2;-0.63
20.339995861053467;13.8;-15.9;-83.5;-0.29;-0.18;-0.73
20.360082626342773;15.1;-15.6;-83.1;-0.28;-0.17;-0.71
20.38000178337097;15.0;-15.5;-83.2;-0.28;-0.17;-0.72
20.39992618560791;12.7;-17.1;-83.1;-0.26;-0.11;-0.71
20.420061111450195;13.5;-17.3;-82.4;-0.24;-0.2;-0.69
20.439908504486084;10.4;-16.7;-81.5;-0.23;-0.21;-0.66
20.460068941116333;10.2;-17.2;-81.1;-0.2;-0.24;-0.6
20.480003118515015;10.8;-17.0;-81.6;-0.2;-0.26;-0.62
20.499875783920288;8.9;-16.6;-81.4;-0.19;-0.19;-0.59
20.520049571990967;10.3;-17.2;-82.5;-0.2;-0.16;-0.58
20.539910793304443;12.9;-18.8;-83.0;-0.18;-0.17;-0.59
20.559901475906372;13.1;-18.8;-82.0;-0.2;-0.15;-0.63
20.580026865005493;11.7;-18.5;-82.4;-0.18;-0.07;-0.57
20.599854469299316;15.8;-17.7;-82.7;-0.12;-0.07;-0.64
20.620022773742676;13.8;-18.6;-84.3;-0.13;0.16;-0.67
20.639854669570923;17.8;-18.3;-86.7;-0.07;0.19;-0.76
20.659902095794678;16.6;-19.0;-85.0;-0.09;0.14;-0.84
20.679916381835938;9.9;-18.3;-89.0;-0.19;0.42;-0.66
20.699891090393066;11.5;-19.3;-88.5;-0.2;0.33;-0.7
20.720019102096558;14.6;-20.0;-89.4;-0.22;0.33;-0.68
20.739884614944458;13.7;-19.9;-89.8;-0.21;0.43;-0.67
20.759889125823975;17.2;-19.4;-87.4;-0.2;0.16;-0.73
20.779901027679443;16.6;-19.4;-89.9;-0.2;0.31;-0.72
20.799899578094482;18.4;-21.0;-90.1;-0.18;0.2;-0.68
20.820148944854736;15.0;-20.4;-89.9;-0.23;0.25;-0.57
20.83991813659668;15.2;-19.5;-90.0;-0.31;0.19;-0.64
20.859902381896973;16.8;-16.0;-89.9;-0.33;0.13;-0.69
20.88004231452942;16.4;-14.8;-89.6;-0.33;0.13;-0.7
20.89991331100464;10.7;-15.7;-90.2;-0.36;0.27;-0.61
20.919955015182495;13.8;-18.5;-86.2;-0.33;0.04;-0.7
20.939873933792114;20.2;-18.9;-87.8;-0.31;-0.03;-0.64
20.96002459526062;19.0;-18.7;-86.0;-0.29;-0.01;-0.57
20.97989058494568;-23.7;-23.2;225.8;18.55;-9.41;-0.45
20.99998903274536;-18.0;-29.8;386.1;28.08;-14.62;-0.78
21.020066261291504;-24.7;-52.7;490.9;34.3;-17.62;-0.99
21.039918899536133;-33.1;-56.5;607.8;41.28;-19.75;-1.29
21.060034036636353;-25.6;-60.2;559.3;38.86;-20.51;0.48
21.08012843132019;-20.1;-62.8;545.0;38.18;-20.12;1.15
21.10005021095276;-17.8;-65.1;542.3;38.08;-19.3;1.29
21.11993670463562;-18.5;-66.9;509.5;35.92;-19.96;1.56
21.139901161193848;-19.0;-77.1;468.8;32.77;-20.14;0.99
21.159976959228516;-18.6;-75.8;511.6;32.23;-20.51;1.34
21.17998957633972;-6.8;-71.3;679.2;22.67;-24.42;2.83
21.199933290481567;1.6;-63.0;699.1;18.01;-19.05;3.31
21.22002124786377;15.4;-53.8;684.1;16.45;-10.22;3.22
21.240020036697388;28.4;-40.1;670.2;11.36;-3.17;3.18
21.259877681732178;26.8;-21.8;655.6;6.14;0.13;3.91
21.280027389526367;21.3;-12.7;631.4;2.0;2.02;4.02
21.2998948097229;8.8;-11.9;636.8;-0.56;-0.24;3.72
21.3200945854187;-10.4;-15.8;657.7;-1.29;-4.52;2.93
21.34004497528076;-24.8;-33.2;666.4;0.45;-5.09;0.62
21.36001968383789;-33.8;-50.6;678.0;2.9;-2.47;-1.56
21.379923820495605;-34.9;-66.0;680.8;5.4;2.1;-2.8
21.40001082420349;-28.0;-80.4;691.7;6.77;9.59;-5.63
21.420135259628296;-15.2;-83.6;675.2;5.15;19.28;-5.73
21.43991756439209;0.6;-77.8;670.3;1.59;26.62;-4.39
21.459904432296753;13.1;-63.4;638.0;-4.85;29.01;-1.0
21.479896306991577;17.9;-47.7;644.1;-12.65;27.17;2.72
21.499923944473267;17.8;-27.3;643.7;-19.67;23.61;5.3
21.52004361152649;12.0;-15.9;614.9;-23.87;19.46;6.35
21.539924383163452;9.1;-7.7;617.9;-25.93;15.31;7.02
21.559943675994873;5.8;-9.7;629.2;-26.16;12.28;6.28
21.579869031906128;6.8;-17.9;639.7;-24.41;11.38;4.05
21.59999108314514;10.9;-32.3;641.5;-21.05;11.38;1.17
21.619970083236694;15.8;-50.7;639.9;-16.91;11.13;-1.84
21.640024662017822;19.2;-63.0;656.3;-13.72;9.78;-4.39
21.659889936447144;25.1;-72.7;665.4;-11.07;6.96;-6.4
21.679928064346313;29.9;-73.4;651.1;-9.5;2.96;-6.74
21.700030088424683;27.5;-65.4;683.7;-9.4;-4.72;-5.44
21.719924688339233;24.3;-57.8;694.1;-9.21;-11.6;-3.42
21.73995876312256;25.1;-59.5;679.8;-9.62;-14.22;-2.15
21.760042428970337;23.7;-62.0;673.5;-10.83;-16.68;-0.47
21.779865264892578;29.2;-60.5;680.0;-12.72;-17.93;0.92
21.800025701522827;37.1;-58.4;661.5;-15.53;-17.97;1.85
21.820092916488647;48.4;-51.5;670.9;-16.92;-15.92;2.04
21.84006667137146;60.4;-41.8;668.9;-7.56;-13.76;0.71
21.860076189041138;51.9;-34.8;632.7;7.36;-14.11;-0.82
21.880133152008057;34.4;5.8;178.9;12.22;-0.31;-0.44
21.899946451187134;61.9;-27.0;103.7;10.36;1.55;-4.37
21.920018434524536;79.5;-10.2;522.4;24.99;5.09;-2.0
21.93993067741394;59.4;-25.8;339.7;22.95;0.02;0.63
21.959945678710938;59.1;-38.0;390.3;25.29;-4.11;0.71
21.979878187179565;73.3;-34.4;456.2;26.21;-1.16;1.78
21.999918937683105;62.8;-40.4;348.3;22.43;-0.38;1.03
22.01993489265442;46.9;-34.5;311.7;19.78;-2.2;2.03
22.04006028175354;40.1;-29.4;192.4;12.86;0.31;1.34
22.05992102622986;45.9;-31.4;175.3;9.78;4.6;-0.15
22.07986855506897;44.5;-37.0;160.7;7.55;7.12;-0.98
22.09998607635498;39.2;-35.7;124.4;4.45;8.14;-1.05
22.119945764541626;41.3;-32.4;134.5;1.7;9.81;-0.52
22.13990545272827;41.6;-33.7;89.1;0.12;8.84;-0.26
22.159920930862427;16.6;-17.7;-82.7;-0.13;0.25;-0.38
22.179832458496094;12.4;-20.3;-82.6;-0.15;0.16;-0.52
22.199917554855347;14.1;-21.5;-80.8;-0.17;0.06;-0.56
22.219869375228882;8.3;-19.3;-79.6;-0.21;0.03;-0.48
22.24001145362854;5.1;-17.3;-80.5;-0.22;0.07;-0.56
22.259910583496094;9.4;-16.3;-78.5;-0.21;-0.05;-0.47
22.27989959716797;9.2;-16.7;-79.4;-0.21;0.02;-0.55
22.299981355667114;12.0;-14.2;-81.8;-0.23;0.04;-0.53
22.320112466812134;14.5;-16.0;-79.7;-0.21;-0.0;-0.6
22.339991331100464;17.7;-18.2;-80.8;-0.2;0.04;-0.64
22.359851837158203;15.3;-18.9;-80.8;-0.18;0.05;-0.58
22.380017518997192;15.1;-19.3;-80.1;-0.15;0.05;-0.54
22.40020179748535;15.2;-20.2;-80.3;-0.12;0.02;-0.56
22.419891119003296;12.7;-19.6;-80.5;-0.12;0.05;-0.53
22.440061569213867;10.0;-19.5;-79.3;-0.1;0.02;-0.49
22.459996938705444;12.0;-18.7;-78.8;-0.12;-0.05;-0.43
22.4801082611084;12.4;-18.3;-78.7;-0.1;-0.03;-0.45
22.499890089035034;12.5;-18.7;-77.9;-0.1;-0.04;-0.44
22.51987886428833;13.4;-19.1;-79.8;-0.11;0.03;-0.48
22.53986930847168;16.3;-19.3;-79.7;-0.08;0.04;-0.51
22.559839725494385;18.2;-20.7;-80.4;0.0;0.12;-0.58
22.579851865768433;19.8;-21.9;-80.4;0.03;0.17;-0.65
22.60005784034729;17.3;-22.1;-83.4;0.11;0.49;-0.65
22.62018871307373;20.3;-23.5;-81.8;0.12;0.31;-0.74
22.63993501663208;20.4;-23.0;-82.5;0.08;0.3;-0.74
22.659995079040527;17.7;-21.6;-84.5;-0.02;0.38;-0.64
22.679913997650146;15.1;-22.5;-83.3;-0.06;0.34;-0.66
22.7000150680542;15.2;-22.2;-83.4;-0.07;0.37;-0.62
22.719895839691162;16.8;-22.2;-84.1;-0.09;0.36;-0.6
22.740031957626343;15.3;-21.0;-84.7;-0.09;0.43;-0.58
22.759886503219604;20.3;-20.6;-83.8;-0.09;0.25;-0.68
22.77989101409912;18.4;-21.0;-87.3;-0.13;0.46;-0.6
22.79988169670105;20.4;-22.0;-86.4;-0.1;0.36;-0.52
22.819995403289795;18.9;-21.7;-84.6;-0.09;0.26;-0.51
22.839892148971558;17.6;-20.2;-85.0;-0.14;0.29;-0.57
22.859867811203003;17.9;-17.3;-86.2;-0.22;0.29;-0.54
22.879894018173218;16.7;-17.2;-86.8;-0.23;0.34;-0.48
22.900051832199097;16.0;-20.1;-83.8;-0.18;0.24;-0.53
22.919983625411987;15.8;-22.2;-86.5;-0.22;0.33;-0.63
22.9399995803833;17.6;-21.9;-86.0;-0.2;0.29;-0.48
22.959902048110962;16.8;-12.4;-48.0;2.51;1.89;-1.94
22.979899883270264;-20.2;-40.0;240.1;18.7;-1.76;-0.93
22.99990200996399;-9.7;-46.2;380.2;27.25;-6.05;-1.48
23.01989221572876;-15.4;-63.9;474.0;32.78;-10.04;-1.58
23.039889812469482;-32.2;-68.7;624.0;40.81;-15.09;-0.53
23.05989146232605;-22.9;-69.0;578.0;39.0;-15.87;0.67
23.079968690872192;-18.5;-72.7;554.8;37.85;-16.06;1.49
23.099962949752808;-24.2;-78.2;590.7;39.46;-18.29;1.85
23.120007753372192;-23.5;-74.5;560.1;37.33;-19.21;2.11
23.1400089263916;-17.8;-81.3;505.6;31.36;-20.12;1.33
23.15994882583618;-22.7;-74.4;635.5;24.36;-28.14;2.22
23.17992377281189;-13.2;-82.6;685.6;14.26;-30.12;2.25
23.199944734573364;-1.0;-64.6;705.6;11.63;-25.08;3.49
23.220139265060425;17.0;-51.9;679.2;9.11;-15.21;2.2
23.23998236656189;29.6;-31.1;676.0;4.31;-8.84;3.16
23.25992751121521;38.5;-10.8;645.7;-0.69;-4.14;4.34
23.27986478805542;35.8;-3.9;619.0;-3.73;-2.1;4.69
23.299972534179688;16.6;-1.1;648.1;-5.44;-4.27;4.85
23.319979190826416;-1.2;-11.3;661.7;-3.84;-6.44;3.6
23.33986473083496;-18.9;-25.3;662.1;-1.01;-6.13;1.33
23.35987949371338;-28.8;-45.5;673.1;3.25;-3.15;-1.32
23.379909992218018;-41.1;-69.1;676.8;7.76;1.19;-3.76
23.400020122528076;-31.7;-83.4;685.0;10.32;8.94;-6.27
23.420073986053467;-15.2;-81.1;698.1;9.41;17.08;-6.8
23.43999981880188;-2.0;-72.1;672.4;6.14;21.86;-5.81
23.45994806289673;12.2;-60.6;637.2;0.73;23.22;-3.85
23.479946851730347;20.0;-40.4;648.4;-5.81;23.39;-0.47
23.499982118606567;24.6;-19.8;640.9;-12.37;21.99;2.69
23.5200252532959;23.4;-2.8;616.6;-17.86;19.8;5.08
23.53993511199951;20.9;2.5;616.1;-19.75;18.65;5.89
23.559970378875732;13.1;2.8;624.8;-20.16;17.3;5.96
23.580034494400024;8.3;-1.6;637.2;-19.02;16.47;5.83
23.59990620613098;7.2;-14.6;637.2;-16.43;16.62;4.3
23.619957208633423;8.9;-36.1;634.5;-12.76;17.5;1.79
23.639936685562134;14.5;-53.7;644.0;-9.79;18.38;-1.14
23.659998416900635;17.8;-65.9;651.4;-8.17;18.31;-3.76
23.679893016815186;22.5;-67.8;641.8;-7.66;17.43;-5.32
23.699838161468506;24.7;-64.5;654.5;-7.36;15.57;-6.05
23.719867706298828;26.3;-63.5;656.9;-8.18;12.33;-5.72
23.73986053466797;22.7;-62.5;647.8;-10.28;8.58;-4.46
23.759990692138672;25.1;-57.6;655.2;-13.35;4.78;-2.6
23.77988600730896;27.4;-55.2;671.2;-16.33;1.86;-1.08
23.80001711845398;38.4;-52.7;675.4;-19.32;-1.45;0.38
23.81989622116089;49.9;-47.3;680.9;-20.09;-3.45;1.57
23.839895725250244;51.5;-40.0;656.7;-8.42;-2.55;1.28
23.85991907119751;57.2;-29.5;666.1;6.13;-2.11;0.58
23.87987184524536;53.7;-38.5;639.7;21.01;-2.24;-0.23
23.899973392486572;32.1;-34.0;347.4;16.25;-5.01;0.4
23.919922590255737;37.6;-10.8;309.6;9.75;-8.29;3.07
23.94007134437561;49.8;-15.9;205.7;8.74;-5.38;0.99
23.95992946624756;41.2;-17.8;208.7;8.25;-7.83;1.0
23.979865074157715;32.3;-20.7;166.1;7.26;-9.34;1.03
23.999937057495117;39.6;-22.2;194.9;7.25;-9.79;0.0
24.020020246505737;42.5;-23.3;206.9;7.38;-9.31;-0.58
24.039969444274902;44.7;-27.9;222.5;8.27;-10.38;-1.58
24.059857606887817;43.0;-25.3;228.5;8.65;-11.49;-1.08
24.079907655715942;43.4;-26.2;221.0;8.48;-11.66;-1.2
24.099891662597656;44.6;-26.7;219.2;9.05;-11.35;-1.49
24.11998414993286;40.5;-29.1;205.0;8.98;-11.46;-1.54
24.14002561569214;35.1;-30.2;148.0;7.8;-9.62;-0.99
24.160014867782593;18.0;-12.8;-50.2;0.64;-2.69;-0.34
24.180028200149536;9.2;-14.8;-82.2;-0.27;-0.13;-0.5
24.200068950653076;10.0;-17.9;-80.0;-0.26;-0.16;-0.55
24.220086336135864;5.8;-18.7;-80.2;-0.28;-0.15;-0.57
24.240025997161865;3.6;-15.8;-81.5;-0.3;-0.13;-0.57
24.259897470474243;5.3;-16.8;-79.1;-0.29;-0.2;-0.57
24.279930114746094;5.1;-16.0;-79.7;-0.28;-0.17;-0.56
24.299904108047485;9.5;-14.6;-81.4;-0.32;-0.16;-0.59
24.31990385055542;11.0;-14.5;-81.4;-0.31;-0.11;-0.61
24.33988618850708;14.0;-16.8;-81.4;-0.29;-0.1;-0.68
24.359978675842285;14.9;-16.0;-81.1;-0.26;-0.11;-0.58
24.37985587120056;14.5;-16.9;-81.0;-0.24;-0.11;-0.56
24.39998483657837;13.5;-18.0;-80.5;-0.21;-0.1;-0.58
24.420039176940918;11.5;-16.5;-80.7;-0.2;-0.15;-0.53
24.439862489700317;8.8;-16.6;-79.6;-0.21;-0.16;-0.5
24.460016012191772;6.2;-16.2;-79.8;-0.23;-0.12;-0.39
24.479923009872437;10.7;-16.5;-78.9;-0.2;-0.21;-0.43
24.499996662139893;9.4;-17.1;-79.2;-0.19;-0.15;-0.47
24.519907236099243;9.9;-17.5;-80.5;-0.2;-0.06;-0.48
24.540029764175415;13.3;-18.6;-80.4;-0.19;-0.11;-0.54
24.559911727905273;12.8;-19.0;-80.5;-0.18;-0.05;-0.52
24.58007574081421;12.6;-19.7;-80.1;-0.12;-0.02;-0.53
24.600011110305786;15.2;-19.8;-80.0;-0.03;-0.0;-0.59
24.619874477386475;16.3;-20.5;-81.4;0.03;0.15;-0.68
24.63987636566162;15.2;-21.2;-85.8;0.06;0.41;-0.69
24.659865856170654;15.5;-20.6;-85.9;0.0;0.37;-0.71
24.680009365081787;12.7;-20.3;-84.5;-0.06;0.26;-0.68
24.700212001800537;14.0;-19.3;-83.3;-0.12;0.19;-0.68
24.72002601623535;13.4;-18.9;-84.4;-0.14;0.28;-0.59
24.740083694458008;18.8;-18.4;-84.7;-0.18;0.13;-0.61
24.76000142097473;21.7;-18.9;-85.8;-0.18;0.13;-0.67
24.77988338470459;17.0;-19.4;-88.0;-0.23;0.35;-0.6
24.799977779388428;18.3;-20.4;-88.1;-0.16;0.29;-0.5
24.819917917251587;16.9;-21.6;-87.3;-0.16;0.23;-0.62
24.83989906311035;14.6;-20.2;-85.8;-0.19;0.16;-0.67
24.8600070476532;16.4;-17.0;-86.8;-0.29;0.15;-0.58
24.879902839660645;14.7;-16.2;-87.7;-0.31;0.24;-0.52
24.899878978729248;14.0;-20.0;-83.0;-0.28;0.02;-0.61
24.92003560066223;17.0;-22.2;-86.1;-0.28;0.11;-0.6
24.939911365509033;19.2;-19.5;-85.0;-0.23;0.05;-0.42
24.959988594055176;-3.3;-16.9;178.0;13.26;-8.08;0.05
24.97993755340576;-15.2;-33.1;341.0;22.59;-14.47;-1.21
25.000038146972656;-23.2;-54.3;479.1;30.66;-17.41;-1.87
25.020081520080566;-34.4;-52.8;599.7;36.99;-20.22;-1.55
25.039924383163452;-26.7;-55.5;560.0;36.97;-18.22;-0.87
25.059907913208008;-21.4;-58.2;543.1;36.67;-17.69;0.64
25.080002546310425;-19.7;-60.9;539.4;36.88;-16.4;1.3
25.09991979598999;-16.7;-58.9;484.3;34.01;-14.35;1.75
25.119993448257446;-14.4;-58.8;471.1;32.89;-14.73;1.53
25.14004349708557;-13.8;-61.9;459.1;29.27;-14.75;0.88
25.159876346588135;-19.6;-61.8;576.5;22.72;-18.95;2.06
25.179850339889526;-9.1;-62.0;675.1;12.92;-16.88;2.66
25.19990587234497;6.9;-47.1;695.2;10.02;-8.68;3.33
25.21990942955017;17.7;-39.8;671.0;8.16;-0.08;3.06
25.24004077911377;27.0;-28.7;666.6;5.46;4.8;3.63
25.259916305541992;31.4;-16.6;646.1;2.56;7.93;4.01
25.279990196228027;18.2;-9.7;646.3;0.38;5.94;4.44
25.300017833709717;2.2;-10.7;657.8;-0.51;3.46;4.3
25.319885730743408;-17.8;-21.7;673.7;0.57;-0.6;3.21
25.340022563934326;-30.6;-35.3;669.5;2.66;-0.16;1.1
25.360069274902344;-27.2;-51.6;682.0;5.25;4.58;-0.92
25.38001847267151;-30.9;-66.8;684.0;7.88;9.29;-3.16
25.399863719940186;-19.1;-76.6;671.2;8.29;16.62;-5.17
25.419915914535522;-1.5;-71.5;674.3;6.18;24.22;-4.61
25.440023183822632;8.7;-64.6;651.1;2.74;28.19;-3.48
25.459911346435547;17.7;-48.7;645.8;-2.12;28.07;-0.76
25.480021238327026;20.3;-35.2;656.8;-7.18;25.93;1.78
25.50000786781311;13.2;-22.4;640.5;-11.9;22.24;3.88
25.519896507263184;10.0;-11.5;627.6;-14.73;18.97;4.87
25.540010690689087;8.3;-11.7;628.8;-15.49;15.21;5.06
25.559850692749023;4.7;-14.4;640.9;-14.78;11.98;3.97
25.57986330986023;4.9;-23.8;641.0;-12.63;11.01;1.87
25.599889039993286;13.2;-41.4;647.3;-9.4;11.85;-1.01
25.62003993988037;20.3;-55.3;641.1;-6.63;11.5;-3.42
25.640143632888794;26.0;-62.6;663.9;-4.95;9.87;-5.04
25.659897804260254;30.4;-68.0;668.1;-2.86;6.82;-6.09
25.679860830307007;31.3;-67.2;666.4;-2.37;1.72;-5.86
25.69988751411438;27.9;-67.1;684.9;-2.29;-6.38;-4.73
25.72003984451294;19.8;-67.3;681.6;-3.56;-14.18;-3.15
25.739890098571777;19.3;-61.7;664.3;-5.88;-15.99;-1.79
25.75998044013977;22.2;-51.7;664.0;-8.5;-17.2;-0.24
25.779870748519897;30.3;-42.1;687.3;-10.16;-18.05;1.02
25.79988932609558;40.4;-39.7;678.0;-10.52;-16.75;0.89
25.820014715194702;52.0;-37.8;664.7;-10.14;-13.61;0.73
25.839935779571533;56.5;-35.8;661.6;3.83;-11.9;-0.99
25.86004114151001;57.4;-32.2;698.7;20.9;-13.48;-2.53
25.879896879196167;47.5;-35.0;601.2;31.08;-12.69;-3.22
25.899850845336914;26.6;-31.6;288.0;20.89;-10.4;0.03
25.91991400718689;64.5;-17.0;468.4;23.52;-12.48;-0.07
25.940043449401855;50.1;-18.1;341.5;17.22;-13.78;2.03
25.959900856018066;29.1;-26.2;245.0;11.98;-15.7;0.73
25.979990243911743;31.9;-8.4;203.9;7.53;-14.93;1.6
25.999897480010986;33.4;-7.5;160.4;4.99;-11.35;0.94
26.01996874809265;36.9;-10.3;154.9;3.68;-8.83;0.76
26.040051221847534;31.9;-12.9;99.0;1.83;-6.4;0.39
26.059909343719482;26.0;-10.6;85.5;0.52;-5.29;-0.09
26.080047130584717;29.3;-13.0;77.3;-0.04;-2.21;-0.83
26.099911212921143;31.7;-13.8;84.8;-1.27;-0.43;-0.79
26.119884252548218;30.6;-11.8;87.0;-2.36;0.37;-0.36
26.139947652816772;22.2;-13.6;57.0;-2.63;1.02;0.0
26.1600341796875;9.9;-11.9;-72.0;-0.77;0.04;-0.54
26.17987298965454;10.8;-15.6;-83.7;-0.22;-0.17;-0.49
26.200028896331787;14.1;-19.6;-82.6;-0.2;-0.21;-0.59
26.21992826461792;9.7;-19.6;-82.5;-0.21;-0.12;-0.58
26.24024748802185;9.4;-18.5;-82.8;-0.24;-0.15;-0.67
26.259902000427246;10.4;-18.3;-81.8;-0.24;-0.16;-0.62
26.279882431030273;8.7;-18.7;-81.5;-0.23;-0.13;-0.61
26.300013780593872;9.7;-14.8;-81.3;-0.23;-0.17;-0.55
26.319891929626465;9.9;-15.2;-84.0;-0.26;-0.06;-0.63
26.340070247650146;14.0;-14.8;-81.9;-0.25;-0.17;-0.61
26.360002279281616;14.6;-16.4;-82.8;-0.25;-0.18;-0.69
26.37989592552185;13.2;-16.9;-80.9;-0.22;-0.14;-0.63
26.399984121322632;13.5;-18.1;-81.4;-0.22;-0.12;-0.59
26.420016527175903;13.4;-18.0;-81.3;-0.2;-0.15;-0.63
26.439934730529785;12.4;-16.3;-81.5;-0.19;-0.17;-0.62
26.460012197494507;11.0;-15.8;-80.9;-0.18;-0.18;-0.57
26.479899168014526;10.4;-17.9;-79.9;-0.18;-0.22;-0.59
26.49985408782959;10.5;-17.5;-80.6;-0.16;-0.19;-0.54
26.520116567611694;10.6;-18.7;-80.3;-0.16;-0.19;-0.52
26.53989028930664;10.8;-19.0;-81.9;-0.15;-0.13;-0.53
26.559961557388306;11.9;-19.0;-80.6;-0.15;-0.16;-0.55
26.57992458343506;14.2;-19.0;-80.6;-0.09;-0.16;-0.6
26.599990844726562;14.5;-19.0;-81.0;-0.01;0.01;-0.63
26.619930267333984;16.0;-19.4;-84.2;0.02;0.19;-0.72
26.639972925186157;16.3;-20.0;-86.1;0.0;0.31;-0.76
26.660032510757446;14.6;-20.4;-86.4;-0.03;0.29;-0.74
26.679922342300415;14.3;-19.7;-88.0;-0.1;0.29;-0.68
26.699973106384277;16.5;-20.7;-86.3;-0.11;0.14;-0.73
26.720011949539185;15.8;-21.1;-86.0;-0.13;0.14;-0.71
26.739911556243896;16.6;-19.7;-86.3;-0.13;0.15;-0.68
26.75997233390808;16.7;-19.7;-88.6;-0.15;0.23;-0.64
26.779914379119873;15.1;-20.3;-88.9;-0.13;0.29;-0.59
26.799996852874756;16.6;-21.6;-87.0;-0.09;0.16;-0.56
26.819905519485474;14.3;-21.6;-88.4;-0.13;0.25;-0.58
26.84019374847412;16.7;-19.2;-87.6;-0.21;0.13;-0.66
26.86000967025757;14.1;-17.8;-88.2;-0.24;0.17;-0.64
26.88005495071411;13.6;-16.4;-88.5;-0.27;0.17;-0.56
26.899986743927002;15.2;-20.2;-85.7;-0.25;0.01;-0.67
26.919904947280884;14.1;-20.1;-86.3;-0.24;0.09;-0.55
26.940019845962524;-3.0;-16.5;116.8;8.42;-2.43;0.73
26.960246324539185;12.6;-37.7;262.6;18.8;-7.49;-2.54
26.979923248291016;9.6;-68.2;516.5;32.29;-12.72;-3.58
26.99991488456726;17.7;-73.1;659.1;41.0;-15.59;-4.54
27.020123720169067;16.8;-68.8;638.8;42.0;-16.67;-3.96
27.03992748260498;18.9;-75.6;687.2;45.3;-17.99;-4.44
27.05998468399048;15.3;-80.1;669.6;44.96;-18.77;-4.24
27.080028772354126;13.5;-79.8;663.8;44.77;-19.42;-3.91
27.100117206573486;17.2;-83.4;680.9;45.67;-20.02;-4.2
27.119908809661865;17.6;-84.3;682.4;45.54;-20.5;-3.96
27.139901638031006;13.9;-80.6;667.6;44.36;-20.75;-3.52
27.159907341003418;14.1;-72.4;671.7;43.99;-20.61;-3.51
27.179855346679688;14.7;-68.5;636.1;41.5;-19.37;-3.56
27.19993829727173;14.6;-64.4;584.0;38.25;-17.57;-3.71
27.219998121261597;11.9;-61.6;516.2;34.3;-15.67;-3.72
27.239887475967407;12.3;-57.5;419.1;28.77;-12.91;-3.51
27.25989842414856;9.9;-52.2;310.7;22.75;-9.98;-2.84
27.280014038085938;8.5;-43.6;185.3;15.76;-6.56;-2.11
27.299914121627808;9.1;-37.6;96.8;10.72;-3.47;-1.69
27.31990385055542;8.0;-34.7;42.5;7.54;-1.13;-1.11
27.33987855911255;9.7;-27.9;31.4;6.52;0.97;-1.18
27.35985040664673;8.9;-25.1;43.4;6.81;2.61;-1.31
27.3799729347229;7.0;-26.3;66.6;7.83;4.05;-1.5
27.39995288848877;5.7;-24.9;98.8;9.34;5.34;-1.72
27.420053005218506;4.1;-27.0;132.1;11.1;6.01;-1.87
27.43993353843689;2.3;-28.5;167.8;13.12;6.71;-1.95
27.459970951080322;3.1;-30.4;189.9;14.43;6.91;-2.13
27.479938745498657;2.8;-32.0;211.6;15.75;6.8;-2.09
27.50014901161194;5.1;-31.7;227.3;16.53;6.78;-2.02
27.519949436187744;6.1;-32.7;239.4;17.27;6.22;-1.93
27.53989338874817;6.1;-33.2;246.9;17.77;5.28;-1.87
27.55997896194458;8.1;-34.4;246.1;17.96;4.21;-1.95
27.57991600036621;10.7;-35.7;242.3;18.02;3.17;-2.05
27.59987759590149;11.3;-37.2;240.3;18.11;1.95;-2.18
27.62002921104431;12.3;-37.7;227.7;17.53;0.93;-2.16
27.6398868560791;11.9;-37.9;211.3;16.8;-0.43;-2.01
27.65997290611267;12.8;-38.8;201.7;16.37;-1.7;-1.85
27.67992877960205;13.0;-38.7;195.0;16.0;-2.88;-1.64
27.699987411499023;12.0;-39.0;194.4;15.92;-3.74;-1.54
27.7199068069458;11.4;-39.4;197.4;16.06;-4.14;-1.53
27.73998999595642;11.5;-39.4;202.2;16.37;-4.48;-1.65
